Patient_ID,primary_site,disease_type,follow_ups_timepoint_category,follow_ups_disease_response,follow_ups_days_to_follow_up,follow_ups_molecular_tests_molecular_analysis_method,follow_ups_molecular_tests_test_result,follow_ups_molecular_tests_variant_type,follow_ups_molecular_tests_gene_symbol,follow_ups_molecular_tests_test_value_range,follow_ups_molecular_tests_staining_intensity_value,follow_ups_molecular_tests_specialized_molecular_test,follow_ups_molecular_tests_chromosome,follow_ups_molecular_tests_test_value,follow_ups_other_clinical_attributes_timepoint_category,follow_ups_other_clinical_attributes_menopause_status,days_to_consent,diagnoses_synchronous_malignancy,diagnoses_ajcc_pathologic_stage,diagnoses_days_to_diagnosis,diagnoses_laterality,diagnoses_treatments_prescribed_dose_units,diagnoses_treatments_days_to_treatment_start,diagnoses_treatments_route_of_administration,diagnoses_treatments_treatment_type,diagnoses_treatments_prescribed_dose,diagnoses_treatments_therapeutic_agents,diagnoses_treatments_treatment_or_therapy,diagnoses_treatments_treatment_intent_type,diagnoses_treatments_treatment_outcome,diagnoses_treatments_treatment_anatomic_sites,diagnoses_treatments_margin_status,diagnoses_treatments_initial_disease_status,diagnoses_treatments_days_to_treatment_end,diagnoses_treatments_treatment_dose,diagnoses_treatments_number_of_cycles,diagnoses_treatments_treatment_dose_units,diagnoses_tissue_or_organ_of_origin,diagnoses_days_to_last_follow_up,diagnoses_age_at_diagnosis,diagnoses_primary_diagnosis,diagnoses_year_of_diagnosis,diagnoses_prior_treatment,diagnoses_diagnosis_is_primary_disease,diagnoses_method_of_diagnosis,diagnoses_ajcc_staging_system_edition,diagnoses_ajcc_pathologic_t,diagnoses_morphology,diagnoses_ajcc_pathologic_n,diagnoses_ajcc_pathologic_m,diagnoses_classification_of_tumor,diagnoses_pathology_details_consistent_pathology_review,diagnoses_pathology_details_lymph_nodes_positive,diagnoses_pathology_details_lymph_nodes_tested,diagnoses_icd_10_code,diagnoses_site_of_resection_or_biopsy,diagnoses_sites_of_involvement,demographic_ethnicity,demographic_gender,demographic_race,demographic_vital_status,demographic_age_is_obfuscated,demographic_age_at_index,demographic_days_to_birth,demographic_sex_at_birth,diagnoses_prior_malignancy,consent_type,diagnoses_treatments_course_number,diagnoses_treatments_number_of_fractions,diagnoses_tumor_of_origin,follow_ups_days_to_progression,follow_ups_progression_or_recurrence_anatomic_site,follow_ups_progression_or_recurrence_type,follow_ups_progression_or_recurrence,follow_ups_molecular_tests_copy_number,follow_ups_molecular_tests_cell_count,follow_ups_molecular_tests_staining_intensity_scale,lost_to_followup,diagnoses_treatments_clinical_trial_indicator,demographic_country_of_residence_at_enrollment,diagnoses_metastasis_at_diagnosis,follow_ups_days_to_recurrence,demographic_days_to_death
TCGA-AO-A03M,Breast,Ductal and Lobular Neoplasms,Follow-up | Last Contact,TF-Tumor Free,1455 | 1866,FISH | IHC,Negative | Positive | Test Value Reported,Amplification,ERBB2 | PGR | ESR1,60-69% | 30-39% | 70-79%,3+ | 2+,Signal ratio,chr17,1.3,Initial Diagnosis,Premenopausal,0,Not Reported,Stage I,0,Left,mg/day | mg/m2,161 | 63 | 119,Oral | Intravenous,"Hormone Therapy | Surgery, NOS | Chemotherapy | Radiation Therapy, NOS",20.0 | 60.0 | 175.0 | 600.0,Tamoxifen | Doxorubicin | Paclitaxel | Cyclophosphamide,yes | no,Adjuvant | First-Line Therapy,Treatment Ongoing,Breast,Uninvolved,Initial Diagnosis,105 | 161,376 | 1100 | 3768,4,mg,"Breast, NOS",1866.0,10616,"Infiltrating duct carcinoma, NOS",2006,No,true,Core Biopsy,6th,T1c,8500/3,N0 (i-),M0,primary,Yes,0,2,C50.9,"Breast, NOS","Breast, Left Upper Outer | Breast, NOS",not hispanic or latino,female,white,Alive,false,29,-10616,female,,,,,,,,,,,,,,,,,,
TCGA-AO-A03V,Breast,Ductal and Lobular Neoplasms,Last Contact | Follow-up,TF-Tumor Free,1351 | 886,IHC,Negative | Positive,,ERBB2 | ESR1 | PGR,<10% | 90-99% | 80-89%,0 | 3+ | 2+,,,,Initial Diagnosis,Perimenopausal,6,No,Stage I,0,Left,mg/m2 | mg/day,102 | 200 | 753,Intravenous | Oral,"Chemotherapy | Surgery, NOS | Hormone Therapy | Radiation Therapy, NOS",600.0 | 20.0 | 1.0 | 40.0,Fluorouracil | Tamoxifen | Anastrozole | Cyclophosphamide | Methotrexate,yes | no,Adjuvant | First-Line Therapy,Treatment Ongoing,Breast,Uninvolved,Initial Diagnosis,200 | 735,8800 | 600,8,mg,"Breast, NOS",1351.0,15284,"Infiltrating duct carcinoma, NOS",2008,No,true,Core Biopsy,6th,T1c,8500/3,N0 (i-),M0,primary,Yes,0,2,C50.9,"Breast, NOS","Breast, Left Upper Inner | Breast, NOS",not hispanic or latino,female,white,Alive,false,41,-15284,female,no,Informed Consent,,,,,,,,,,,,,,,,
TCGA-AO-A0J8,Breast,Ductal and Lobular Neoplasms,Follow-up | Last Contact,TF-Tumor Free,277 | 680,IHC,Positive | Negative,,ESR1 | ERBB2 | PGR,90-99% | <10% | 70-79%,4+ | 1+ | 3+,,,,Initial Diagnosis,Postmenopausal,161,No,Stage IIA,0,Right,mg/m2 | mg/day,63 | 277 | 252,Intravenous | Oral,"Chemotherapy | Hormone Therapy | Surgery, NOS | Radiation, External Beam",600.0 | 1.0 | 40.0,Fluorouracil | Cyclophosphamide | Anastrozole | Methotrexate,yes,Adjuvant | First-Line Therapy,Treatment Ongoing,Breast | Primary Tumor Field,Uninvolved,Initial Diagnosis,224 | 281,8800 | 560 | 5240,8,mg | cGy,"Breast, NOS",680.0,22284,"Lobular carcinoma, NOS",2009,No,true,Core Biopsy,,T2,8520/3,N0 (i+),M0,primary,Yes,0,2,C50.9,"Breast, NOS","Breast, Right Upper Outer | Breast, NOS",not hispanic or latino,female,white,Alive,false,61,-22284,female,no,Informed Consent,1.0,21.0,,,,,,,,,,,,,,
TCGA-AO-A0J9,Breast,Ductal and Lobular Neoplasms,Post Initial Treatment | Last Contact | Follow-up,WT-With Tumor,1066 | 1613 | 1256,IHC | FISH,Negative | Positive | Copy Number Reported | Test Value Reported,Amplification,ERBB2 | PGR | ESR1 | Not Applicable,<10% | 10-19% | 90-99% | 30-39%,1+ | 4+,Signal ratio,chr17,1.2,Initial Diagnosis,Postmenopausal,1135,No,Stage IIIC,1066 | 0,Right,mg/m2 | mg/day | mg,141 | 1207 | 1072 | 161 | 239 | 85 | 226,Intravenous | Oral,"Pharmaceutical Therapy, NOS | Surgery, NOS | Radiation Therapy, NOS | Chemotherapy | Surgery, NOS | Hormone Therapy | Radiation, External Beam | Bisphosphonate Therapy | Radiation Therapy, NOS | Surgery, NOS | Pharmaceutical Therapy, NOS",175.0 | 20.0 | 25.0 | 100.0 | 1.0 | 600.0 | 60.0 | 4.0,Paclitaxel | Tamoxifen | Exemestane | Docetaxel | Anastrozole | Cyclophosphamide | Doxorubicin | Zoledronic Acid,yes | no | yes | no | yes,Adjuvant | First-Line Therapy | Re-Excision,Treatment Ongoing,Locoregional Site | Breast | Regional Site,Involved | Uninvolved,Not Reported | Recurrent Disease | Initial Diagnosis | Progressive Disease | Recurrent Disease | Progressive Disease | Recurrent Disease,141 | 1207 | 204 | 1023 | 128 | 263,370 | 630 | 5040 | 500 | 11117 | 16,1 | 3 | 4,mg | cGy,"Not Reported | Breast, NOS | Bone, NOS",1613.0,23708 | 22642,"Not Reported | Lobular carcinoma, NOS",2007,Yes | No,false | true,Core Biopsy,,T2,Not Reported | 8520/3,N3,M0,primary | metastasis,Yes,15,32,C50.9,"Not Reported | Breast, NOS","Breast, Right Upper Inner | Breast, Right Upper Outer | Breast, NOS",not hispanic or latino,female,white,Alive,false,61,-22642,female,no,Informed Consent,1.0,28.0,TCGA-AO-A0J9_diagnosis,1066,"Bone, NOS | Not Reported",Distant | Unknown,Yes,149.0 | 127.0,33,4 Point Scale,,,,,,
TCGA-AO-A0JB,Breast,Ductal and Lobular Neoplasms,Follow-up | Last Contact,TF-Tumor Free,1542 | 1150,IHC,Positive | Negative,,ESR1 | PGR | ERBB2,90-99% | 60-69% | <10%,4+ | 2+ | 0,,,,Initial Diagnosis,Premenopausal,1122,No,Stage IIIA,0,Left,mg/day | mg/m2,216 | 175 | 105 | 49,Oral | Intravenous,"Radiation, External Beam | Hormone Therapy | Chemotherapy | Surgery, NOS",20.0 | 175.0 | 600.0 | 60.0,Tamoxifen | Paclitaxel | Cyclophosphamide | Doxorubicin,yes,Adjuvant | First-Line Therapy,Treatment Ongoing,Regional Site | Breast,Uninvolved,Initial Diagnosis,253 | 147 | 92,15120 | 1080 | 3680 | 368,4,cGy | mg,"Breast, NOS",1542.0,18561,"Infiltrating duct carcinoma, NOS",2007,No,true,Core Biopsy,,T3,8500/3,N1a,M0,primary,Yes,1,14,C50.9,"Breast, NOS","Breast, Left Upper Inner | Breast, Left Upper Outer | Breast, Left Lower Outer | Breast, NOS",not hispanic or latino,female,white,Alive,false,50,-18561,female,no,Informed Consent,1.0,28.0,,,,,,,,,,,,,,
TCGA-AO-A0JF,Breast,Ductal and Lobular Neoplasms,Last Contact | Follow-up,TF-Tumor Free,1980 | 354 | 650,IHC,Positive | Negative,,PGR | ESR1 | ERBB2,70-79% | 90-99% | <10%,2+ | 4+ | 1+,,,,Initial Diagnosis,Postmenopausal,235,No,Stage IIA,0,Left,mg/m2 | mg/day,105 | 172 | 336 | 299 | 356,Intravenous | Oral,"Chemotherapy | Hormone Therapy | Radiation, External Beam | Surgery, NOS",60.0 | 600.0 | 80.0 | 1.0 | 2.5,Doxorubicin | Cyclophosphamide | Paclitaxel | Anastrozole | Letrozole,yes,Adjuvant | First-Line Therapy,Treatment Ongoing,Primary Tumor Field | Breast,Uninvolved,Initial Diagnosis,155 | 256 | 353 | 328,480 | 4800 | 1920 | 5272,4 | 12,mg | cGy,"Breast, NOS",1980.0,24923,"Infiltrating duct carcinoma, NOS",2009,No,true,Core Biopsy,,T1c,8500/3,N1a,M0,primary,Yes,2,14,C50.9,"Breast, NOS","Breast, Left Upper Outer | Breast, NOS",not hispanic or latino,female,white,Alive,false,68,-24923,female,no,Informed Consent,1.0,21.0,,,,,,,,,No,,,,,
TCGA-AO-A0JI,Breast,Ductal and Lobular Neoplasms,Follow-up | Last Contact,TF-Tumor Free,1528 | 1172,IHC,Negative | Positive,,PGR | ERBB2 | ESR1,<10% | 90-99%,1+ | 4+,,,,Initial Diagnosis,Postmenopausal,977,No,Stage IIA | Stage IA,0,Left | Right,mg/m2 | mg/day,98 | 224 | 154,Intravenous | Oral,"Chemotherapy | Surgery, NOS | Radiation Therapy, NOS | Hormone Therapy | Radiation Therapy, NOS | Pharmaceutical Therapy, NOS",600.0 | 1.0 | 60.0 | 175.0,Cyclophosphamide | Anastrozole | Doxorubicin | Paclitaxel,yes | no | no,Adjuvant | First-Line Therapy,Treatment Ongoing,Breast,Uninvolved,Initial Diagnosis,140 | 196,4176 | 416 | 1220,4,mg,"Breast, NOS",1528.0,20694,"Infiltrating duct carcinoma, NOS",2007,No,true | false,Core Biopsy,,T1c,8500/3,N1,M0,primary | Prior primary,Yes,0,10,C50.9,"Breast, NOS | Not Reported","Breast, Left Upper Outer | Breast, NOS",not hispanic or latino,female,white,Alive,false,56,-20694,female,no,Informed Consent,,,,,,,,,,,,,,,,
TCGA-AO-A0JM,Breast,Ductal and Lobular Neoplasms,Follow-up | Last Contact,TF-Tumor Free,2184 | 1826,FISH | IHC,Test Value Reported | Copy Number Reported | Positive,Amplification,ERBB2 | PGR | Not Applicable | ESR1,70-79% | <10% | 90-99%,3+ | 1+ | 2+,Signal ratio,chr17,5.0,Initial Diagnosis,Premenopausal,1819,No,Stage IIB,0,Right,mg/m2 | mg/day | mg/kg,78 | 134 | 330 | 260,Intravenous | Oral,"Chemotherapy | Hormone Therapy | Radiation, External Beam | Targeted Molecular Therapy | Surgery, NOS",600.0 | 175.0 | 60.0 | 20.0 | 6.0,Cyclophosphamide | Paclitaxel | Doxorubicin | Tamoxifen | Trastuzumab,yes,Adjuvant | First-Line Therapy,Treatment Ongoing,Regional Site | Breast,Uninvolved,Initial Diagnosis,120 | 177 | 294 | 498,4520 | 1360 | 452 | 10000 | 9095,4 | 23,mg | cGy,"Breast, NOS",2184.0,14653,"Infiltrating duct carcinoma, NOS",2005,No,true,Core Biopsy,,T2,8500/3,N1,M0,primary,Yes,2,23,C50.9,"Breast, NOS","Breast, Right Lower Inner | Breast, Right Lower Outer | Breast, NOS",hispanic or latino,female,,Alive,false,40,-14653,female,no,Informed Consent,1.0,25.0,,,,,,366.0 | 74.0,30,,,,,,,
TCGA-AO-A12D,Breast,Ductal and Lobular Neoplasms,Last Contact | Follow-up,TF-Tumor Free,2515 | 2151 | 1948,FISH | IHC,Test Value Reported | Copy Number Reported | Negative | Positive,Amplification,ERBB2 | ESR1 | Not Applicable | PGR,<10% | 90-99%,3+,Signal ratio,chr17,6.7,Initial Diagnosis,Premenopausal,15,No,Stage IIA,0,Left,mg/m2 | mg/kg,65 | 149 | 170 | 282,Intravenous,"Surgery, NOS | Chemotherapy | Targeted Molecular Therapy | Radiation, External Beam",600.0 | 200.0 | 6.0 | 60.0,Cyclophosphamide | Nab-paclitaxel | Trastuzumab | Doxorubicin,yes,First-Line Therapy | Adjuvant,,Breast | Regional Site,Uninvolved,Initial Diagnosis,128 | 212 | 503 | 316,3984 | 1728 | 400 | 10000,4 | 17,mg | cGy,"Breast, NOS",2515.0,15774,"Infiltrating duct carcinoma, NOS",2005,No,true,Core Biopsy,6th,T1c,8500/3,N1a,M0,primary,Yes,1,16,C50.9,"Breast, NOS","Breast, Left Upper Outer | Breast, NOS",not hispanic or latino,female,white,Alive,false,43,-15774,female,no,Informed Consent,1.0,25.0,,,,,,441.0 | 66.0,32,,No,,,,,
TCGA-AO-A12F,Breast,Ductal and Lobular Neoplasms,Last Contact | Follow-up,TF-Tumor Free,1842 | 1471,IHC,Negative,,PGR | ERBB2 | ESR1,<10%,1+,,,,Initial Diagnosis,Premenopausal,14,No,Stage IIA,0,Right,mg/m2,63 | 220,Intravenous,"Chemotherapy | Surgery, NOS | Radiation, External Beam",60.0 | 175.0 | 600.0,Doxorubicin | Paclitaxel | Cyclophosphamide,yes,Adjuvant | First-Line Therapy,,Breast | Regional Site,Uninvolved,Initial Diagnosis,189 | 254,5000,4,cGy,"Breast, NOS",1842.0,13409,"Infiltrating duct carcinoma, NOS",2006,No,true,Core Biopsy,6th,T2,8500/3,N0 (i-),M0,primary,Yes,0,17,C50.9,"Breast, NOS","Breast, Right Upper Outer | Breast, NOS",not hispanic or latino,female,white,Alive,false,36,-13409,female,no,Informed Consent,1.0,25.0,,,,,,,,,,,,,,
TCGA-AQ-A04H,Breast,Ductal and Lobular Neoplasms,Follow-up | Last Contact,TF-Tumor Free,754 | 439,FISH | IHC,Test Value Reported | Positive | Equivocal,Amplification,ERBB2 | PGR | ESR1,20-29% | 90-99%,2+,Signal ratio,chr17,3.2,Initial Diagnosis,Postmenopausal,0,No,Stage IIIA,0,Left,mg,29 | 138 | 175,Intravenous | Oral,"Chemotherapy | Surgery, NOS | Radiation, External Beam | Hormone Therapy",2.5,Carboplatin | Docetaxel | Letrozole | Trastuzumab,yes,Adjuvant | First-Line Therapy,Complete Response | Treatment Ongoing,Breast | Primary Tumor Field,Uninvolved,Initial Diagnosis,133 | 166,,6,,"Breast, NOS",754.0,22539,"Infiltrating duct carcinoma, NOS",2009,No,true,Core Biopsy,6th,T2,8500/3,N2a,MX,primary,Yes,4,15,C50.9,"Breast, NOS","Breast, Left Lower Inner",not hispanic or latino,female,white,Alive,false,61,-22539,female,no,Informed Consent,1.0,,,,,,,,30,,No,No,United States,,,
TCGA-AR-A1AN,Breast,Ductal and Lobular Neoplasms,Last Contact | Follow-up,TF-Tumor Free,2920 | 1330,IHC,Negative | Positive,,ERBB2 | ESR1 | PGR,70-79%,,,,,Initial Diagnosis,Premenopausal,26,No,Stage IIA,0,Right,mg/day | mg/m2,301 | 47 | 162 | 169 | 442 | 105,Oral | Intravenous,"Hormone Therapy | Chemotherapy | Radiation, External Beam | Surgery, NOS",20.0 | 60.0 | 1.0 | 600.0 | 175.0,Tamoxifen | Doxorubicin | Anastrozole | Cyclophosphamide | Paclitaxel,yes,Adjuvant | First-Line Therapy,Treatment Ongoing,Primary Tumor Field | Breast,Uninvolved,Initial Diagnosis,441 | 91 | 300 | 211 | 154,435 | 6000 | 4310 | 1250,4,mg | cGy,"Breast, NOS",2920.0,16974,"Infiltrating duct carcinoma, NOS",2006,No,true,Core Biopsy,6th,T2,8500/3,N0,M0,primary,Yes,0,5,C50.9,"Breast, NOS","Breast, Right Upper Outer",hispanic or latino,female,white,Alive,false,46,-16974,female,no,Informed Consent,1.0,30.0,,,,,,,,,No,,,,,
TCGA-AR-A1AQ,Breast,Ductal and Lobular Neoplasms,Follow-up | Last Contact,TF-Tumor Free,3021 | 1310,IHC | FISH,Equivocal | Negative,Amplification,ERBB2 | ESR1 | PGR,,2+,,,,Initial Diagnosis,Postmenopausal,23,No,Stage IIA,0,Right,mg/m2,88 | 121 | 32,Intravenous,"Chemotherapy | Surgery, NOS | Radiation, External Beam",175.0 | 60.0 | 600.0,Paclitaxel | Doxorubicin | Cyclophosphamide,yes,Adjuvant | First-Line Therapy,,Breast | Primary Tumor Field,Uninvolved,Initial Diagnosis,88 | 163 | 74,340 | 6000 | 480 | 4780,1 | 4,mg | cGy,"Breast, NOS",3021.0,18109,"Infiltrating duct carcinoma, NOS",2007,No,true,Core Biopsy,6th,T2,8500/3,N0,M0,primary,Yes,0,6,C50.9,"Breast, NOS","Breast, Right Upper Inner | Breast, Right Upper Outer",not hispanic or latino,female,white,Alive,false,49,-18109,female,no,Informed Consent,1.0,30.0,,,,,,,,,No,,,,,
TCGA-AR-A1AX,Breast,Ductal and Lobular Neoplasms,Follow-up | Last Contact,TF-Tumor Free,1890 | 2629 | 1103,IHC,Positive,,PGR | ERBB2 | ESR1,70-79%,3+,,,,Initial Diagnosis,Postmenopausal,60,No,Stage I,0,Left,mg/day | mg/kg,194 | 341 | 54 | 117 | 249,Oral | Intravenous,"Radiation, External Beam | Hormone Therapy | Chemotherapy | Surgery, NOS | Immunotherapy (Including Vaccines)",2.5 | 2.0 | 25.0,Letrozole | Cyclophosphamide | Trastuzumab | Exemestane | Doxorubicin | Paclitaxel,yes,Adjuvant | First-Line Therapy,Treatment Ongoing,Primary Tumor Field | Breast,Uninvolved,Initial Diagnosis,242 | 482 | 295 | 160,6060,4,cGy,"Breast, NOS",2629.0,23507,"Infiltrating duct carcinoma, NOS",2007,No,true,Core Biopsy,6th,T1,8500/3,N0,M0,primary,Yes,0,8,C50.9,"Breast, NOS","Breast, Left Upper Inner | Breast, Left Upper Outer",not hispanic or latino,female,white,Alive,false,64,-23507,female,no,Informed Consent,1.0,33.0,,,,,,,,,No,,,,,
TCGA-AR-A24M,Breast,Ductal and Lobular Neoplasms,Follow-up | Last Contact,TF-Tumor Free,2947 | 3660 | 1991,IHC,Negative | Positive,,ERBB2 | ESR1 | PGR,10-19%,1+,,,,Initial Diagnosis,Premenopausal,19,No,Stage IIIA,0,Left,mg/day,597 | 172 | 171,Oral,"Chemotherapy | Surgery, NOS | Hormone Therapy | Radiation, External Beam",2.5 | 20.0,Paclitaxel | Letrozole | Tamoxifen | Doxorubicin | Cyclophosphamide,yes,Adjuvant | First-Line Therapy,Treatment Ongoing,Breast | Primary Tumor Field,Uninvolved,Initial Diagnosis,221 | 597,6040,4,cGy,"Breast, NOS",3660.0,14119,Infiltrating duct and lobular carcinoma,2005,No,true,Core Biopsy,6th,T2,8522/3,N2,M0,primary,Yes,4,28,C50.9,"Breast, NOS","Breast, Left Upper Outer",not hispanic or latino,female,white,Alive,false,38,-14119,female,no,Informed Consent,1.0,33.0,,,,,,,,,No,,United States,,,
TCGA-AR-A24R,Breast,Ductal and Lobular Neoplasms,Follow-up | Last Contact,TF-Tumor Free,2653 | 3430 | 1746,IHC | FISH,Positive | Negative,Amplification,PGR | ERBB2 | ESR1,10-19%,1+,,,,Initial Diagnosis,Premenopausal,30,No,Stage IIIA,0,Right,mg/m2 | mg/m2/day | mg/day,53 | 1969 | 172 | 249 | 228,Intravenous | Oral,"Chemotherapy | Hormone Therapy | Surgery, NOS | Radiation, External Beam",24.0 | 175.0 | 60.0 | 20.0,Doxorubicin | Letrozole | Paclitaxel | Cyclophosphamide | Tamoxifen,yes,Adjuvant | First-Line Therapy,Treatment Ongoing,Breast | Primary Tumor Field,Uninvolved,Initial Diagnosis,151 | 214 | 295 | 157 | 1904,600 | 1200 | 6240 | 10500,5 | 4,mg | cGy,"Breast, NOS",3430.0,16642,"Infiltrating duct carcinoma, NOS",2006,No,true,Core Biopsy,6th,T1,8500/3,N2,M0,primary,Yes,6,28,C50.9,"Breast, NOS","Breast, Right Upper Inner | Breast, Right Upper Outer",not hispanic or latino,female,white,Alive,false,45,-16642,female,no,Informed Consent,1.0,34.0,,,,,,,,,No,No,United States,,,
TCGA-AR-A24S,Breast,Ductal and Lobular Neoplasms,Follow-up | Last Contact,,2976 | 1888,IHC,Positive | Negative,,PGR | ESR1 | ERBB2,70-79%,,,,,Initial Diagnosis,Postmenopausal,6,No,Stage I,0,Right,mg/day,55 | 129 | 32,Oral,"Surgery, NOS | Radiation, External Beam | Hormone Therapy",25.0 | 1.0,Exemestane | Anastrozole,yes,First-Line Therapy | Adjuvant,,Breast | Primary Tumor Field,Uninvolved,Initial Diagnosis,62 | 1124 | 126,3850,,cGy,"Breast, NOS",2976.0,22587,"Infiltrating duct carcinoma, NOS",2006,No,true,Core Biopsy,6th,T1,8500/3,N0,M0,primary,Yes,0,4,C50.9,"Breast, NOS","Breast, Right Lower Outer",not hispanic or latino,female,white,Alive,false,61,-22587,female,no,Informed Consent,1.0,10.0,,,,,,,,,,,United States,,,
TCGA-AR-A24U,Breast,Ductal and Lobular Neoplasms,Follow-up | Last Contact,TF-Tumor Free,3128 | 2363 | 1623,IHC,Positive | Negative,,ERBB2 | ESR1 | PGR,,3+,,,,Initial Diagnosis,Premenopausal,46,No,Stage IIA,0,Left,,111 | 55 | 207 | 118,,"Chemotherapy | Radiation, External Beam | Surgery, NOS | Immunotherapy (Including Vaccines)",,Paclitaxel | Doxorubicin | Cyclophosphamide | Trastuzumab,yes,Adjuvant | First-Line Therapy | Re-Excision,,Primary Tumor Field | Breast,Involved | Uninvolved,Initial Diagnosis,188 | 97 | 246 | 111 | 476,6000,,cGy,"Breast, NOS",3128.0,17523,"Infiltrating duct carcinoma, NOS",2006,No,true,Core Biopsy,6th,T1,8500/3,N1,M0,primary,Yes,2,25,C50.9,"Breast, NOS","Breast, Left Upper Outer | Breast, Left Lower Outer",not hispanic or latino,female,white,Alive,false,47,-17523,female,no,Informed Consent,1.0,30.0,,,,,,,,,No,No,United States,,,
TCGA-AR-A24W,Breast,Ductal and Lobular Neoplasms,Follow-up | Last Contact,TF-Tumor Free,1550 | 991,IHC,Positive | Negative,,PGR | ESR1 | ERBB2,,,,,,Initial Diagnosis,Postmenopausal,189,No,Stage IIB,0,Right,,345 | 164,,"Surgery, NOS | Chemotherapy | Radiation Therapy, NOS | Hormone Therapy",,Paclitaxel | Cyclophosphamide | Anastrozole | Doxorubicin | Letrozole,yes | no,First-Line Therapy | Adjuvant,Treatment Ongoing,Breast,Uninvolved,Initial Diagnosis,345,,,,"Breast, NOS",1550.0,20123,"Infiltrating duct carcinoma, NOS",2006,No,true,Core Biopsy,6th,T2,8500/3,N1,M0,primary,Yes,3,22,C50.9,"Breast, NOS","Breast, Right Lower Inner",,female,white,Alive,false,55,-20123,female,no,Informed Consent,,,,,,,,,,,,No,United States,,,
TCGA-AR-A24X,Breast,Ductal and Lobular Neoplasms,Follow-up | Last Contact,TF-Tumor Free,3004 | 1465 | 2548,IHC | FISH,Positive | Negative | Equivocal,Amplification,ESR1 | ERBB2 | PGR,80-89% | 90-99%,2+,,,,Initial Diagnosis,Premenopausal,31,No,Stage IIA,0,Right,,130,,"Hormone Therapy | Chemotherapy | Surgery, NOS | Radiation Therapy, NOS",,Tamoxifen | Cyclophosphamide | Doxorubicin,yes | no,First-Line Therapy | Adjuvant,,Breast,Uninvolved,Initial Diagnosis,1926,,,,"Breast, NOS",3004.0,19030,Infiltrating duct and lobular carcinoma,2006,No,true,Core Biopsy,6th,T2,8522/3,N0,M0,primary,Yes,0,7,C50.9,"Breast, NOS","Breast, Right Upper Inner",,female,white,Alive,false,52,-19030,female,no,Informed Consent,,,,,,,,,,,No,No,United States,,,
TCGA-AR-A254,Breast,Ductal and Lobular Neoplasms,Follow-up | Last Contact,TF-Tumor Free,2605 | 1212 | 2213,IHC,Positive,,ERBB2 | ESR1 | PGR,,3+,,,,Initial Diagnosis,Premenopausal,7,No,Stage IIIA,0,Left,,262 | 22 | 106 | 29 | 50 | 232 | 252,,"Hormone Therapy | Chemotherapy | Immunotherapy (Including Vaccines) | Surgery, NOS | Radiation, External Beam",,Tamoxifen | Paclitaxel | Cyclophosphamide | Fluorouracil | Trastuzumab | Epirubicin | Nab-paclitaxel,yes,First-Line Therapy | Adjuvant,Treatment Ongoing,Breast | Primary Tumor Field,Uninvolved,Initial Diagnosis,43 | 170 | 173 | 184 | 99 | 344 | 22 | 291,6000,,cGy,"Breast, NOS",2605.0,18270,"Infiltrating duct carcinoma, NOS",2007,No,true,Surgical Resection,6th,T2,8500/3,N2,M0,primary,Yes,9,30,C50.9,"Breast, NOS","Breast, Left Upper Inner | Breast, Left Lower Inner",not hispanic or latino,female,white,Alive,false,50,-18270,female,no,Informed Consent,1.0,30.0,,,,,,,,,No,No,United States,,,
TCGA-BH-A0AW,Breast,Ductal and Lobular Neoplasms,Follow-up | Last Contact,TF-Tumor Free,622,IHC,Positive | Negative,,ERBB2 | ESR1 | PGR,,3+,,,,Initial Diagnosis,Postmenopausal,14,No,Stage IIA,0,Left,mg/m2 | mg/day | mg/kg | AUC,53 | 200 | 201 | 543,Intravenous | Oral,"Chemotherapy | Hormone Therapy | Radiation, External Beam | Surgery, NOS",75.0 | 1.0 | 6.0 | 50.0,Docetaxel | Anastrozole | Trastuzumab | Carboplatin | Exemestane,yes,Adjuvant | First-Line Therapy,Treatment Ongoing,Primary Tumor Field | Breast,Uninvolved,Initial Diagnosis,150 | 515 | 410 | 252,6040,6,cGy,"Breast, NOS",622.0,20468,"Infiltrating duct carcinoma, NOS",2008,No,true,Core Biopsy,,T1c,8500/3,N1a,M0,primary,Yes,2,12,C50.9,"Breast, NOS","Breast, Left Upper Inner | Breast, Left Upper Outer | Breast, NOS",,female,white,Alive,false,56,-20468,female,no,Informed Consent,1.0,33.0,,,,,,,,,,,,,,
TCGA-BH-A0AZ,Breast,Ductal and Lobular Neoplasms,Follow-up | Last Contact,TF-Tumor Free,1919 | 867,IHC,Positive | Negative,,ESR1 | PGR | ERBB2,,,,,,Initial Diagnosis,Premenopausal,-1,No,Stage IIIA,0,Right,,126 | 209,,"Chemotherapy | Radiation Therapy, NOS | Surgery, NOS | Immunotherapy (Including Vaccines)",,Cyclophosphamide | Paclitaxel | Bevacizumab | Doxorubicin,yes | no,Adjuvant | First-Line Therapy,Complete Response,Breast,Uninvolved,Initial Diagnosis,209 | 293 | 482,,,,"Breast, NOS",1919.0,17465,"Infiltrating duct carcinoma, NOS",2008,No,true,Core Biopsy,6th,T3,8500/3,N1a,cM0 (i+),primary,Yes,1,13,C50.9,"Breast, NOS","Breast, NOS",not hispanic or latino,female,white,Alive,false,47,-17465,female,no,Informed Consent,,,,,,,,,,,No,Yes,,No Metastasis,,
TCGA-BH-A0B3,Breast,Ductal and Lobular Neoplasms,Follow-up | Last Contact,TF-Tumor Free,1203,IHC,Negative,,PGR | ERBB2 | ESR1,,0 | 1+,,,,Initial Diagnosis,Postmenopausal,2,No,Stage IIB,0,Right,mg,52 | 136 | 24,Intravenous,"Chemotherapy | Radiation, External Beam | Surgery, NOS",113.0 | 1128.0 | 154.0,Doxorubicin | Cyclophosphamide | Paclitaxel,yes,Adjuvant | First-Line Therapy,,Primary Tumor Field | Breast,Uninvolved,Initial Diagnosis,115 | 213 | 72,454 | 4540 | 1873,4 | 12,mg,"Breast, NOS",1203.0,19479,"Infiltrating duct carcinoma, NOS",2007,No,true,Core Biopsy,,T2,8500/3,N1a,M0,primary,Yes,2,29,C50.9,"Breast, NOS","Breast, Right Upper Inner | Breast, Right Upper Outer | Breast, NOS",,female,white,Alive,false,53,-19479,female,no,Informed Consent,1.0,,,,,,,,,,,,,,,
TCGA-BH-A0B5,Breast,Ductal and Lobular Neoplasms,Follow-up | Last Contact,TF-Tumor Free,1471 | 2136,IHC,Negative | Positive,,ERBB2 | ESR1 | PGR,,,,,,Initial Diagnosis,Premenopausal,49,No,Stage IIIA,0,Left,,63 | 257 | 300,,"Chemotherapy | Radiation, External Beam | Surgery, NOS",,Cyclophosphamide | Paclitaxel | Doxorubicin Hydrochloride,yes,First-Line Therapy,Complete Response,Primary Tumor Field | Regional Site | Breast,Involved,Initial Diagnosis,302 | 304 | 257,5040 | 100 | 5936,,cGy | Gy,"Breast, NOS",2136.0,14920,"Lobular carcinoma, NOS",2007,No,true,Fine Needle Aspiration,6th,T2,8520/3,N2a,M0,primary,Yes,5,24,C50.9,"Breast, NOS","Breast, NOS",not hispanic or latino,female,white,Alive,false,40,-14920,female,no,Informed Consent,,28.0 | 6.0 | 43.0,,,,,,,,,No,No,,No Metastasis,,
TCGA-BH-A0B6,Breast,Ductal and Lobular Neoplasms,Follow-up | Last Contact,TF-Tumor Free,1732 | 2483,IHC,Positive,,ERBB2 | PGR | ESR1,,,,,,,,13,No,Stage I,0,Right | Left,,-991 | -837 | 94,,"Radiation Therapy, NOS | Hormone Therapy | Surgery, NOS | Pharmaceutical Therapy, NOS | Radiation, External Beam",,Tamoxifen,yes | yes | no,First-Line Therapy | Adjuvant,Complete Response,"Locoregional Site | Body, total | Breast | Primary Tumor Field",Uninvolved,Initial Diagnosis,143,6640,,cGy,"Breast, NOS",2483.0,17346,"Infiltrating duct carcinoma, NOS",2006,Yes,false | true,Fine Needle Aspiration,6th,T1 | T1c,8500/3,N0,M0,Prior primary | primary,Yes,0,4,C50.9,"Not Reported | Breast, NOS","Breast, Left Upper Outer",not hispanic or latino,female,white,Alive,false,47,-17346,female,yes,Informed Consent,,36.0,,,,,,,,,No,,,No Metastasis,,
TCGA-BH-A0BJ,Breast,Ductal and Lobular Neoplasms,Follow-up | Last Contact,TF-Tumor Free,660,IHC,Positive | Negative,,ESR1 | ERBB2 | PGR,90-99% | 70-79%,3+ | 1+,,,,Initial Diagnosis,Premenopausal,30,No,Stage IIB,0,Left,mg | mg/day,398 | 126 | 343 | 219,Intravenous | Oral,"Radiation, External Beam | Surgery, NOS | Chemotherapy | Hormone Therapy",123.0 | 1.0 | 164.0 | 1230.0,Doxorubicin | Anastrozole | Paclitaxel | Cyclophosphamide,yes,Adjuvant | First-Line Therapy,Treatment Ongoing,Primary Tumor Field | Breast,Uninvolved,Initial Diagnosis,443 | 198 | 296,6040 | 492 | 1640 | 4920,4 | 10,cGy | mg,"Breast, NOS",660.0,15027,"Infiltrating duct carcinoma, NOS",2008,No,true,Core Biopsy,,T2,8500/3,N1a,M0,primary,Yes,2,18,C50.9,"Breast, NOS","Breast, Left Upper Outer | Breast, NOS",,female,white,Alive,false,41,-15027,female,no,Informed Consent,1.0,33.0,,,,,,,,,,,,,,
TCGA-BH-A0BM,Breast,Ductal and Lobular Neoplasms,Follow-up | Last Contact,TF-Tumor Free,1117 | 1876,IHC,Positive | Negative,,ESR1 | PGR | ERBB2,<10%,3+ | 0,,,,Initial Diagnosis,Postmenopausal,7,No,Stage IIB,0,Right,,164 | 80,Intravenous,"Surgery, NOS | Radiation Therapy, NOS | Chemotherapy",,Docetaxel | Doxorubicin Hydrochloride | Cyclophosphamide,yes | no,First-Line Therapy | Adjuvant,,Breast,Uninvolved,Initial Diagnosis,229 | 138,,12 | 4,,"Breast, NOS",1876.0,20049,"Infiltrating duct carcinoma, NOS",2007,No,true,Core Biopsy,6th,T2,8500/3,N1a,M0,primary,Yes,3,24,C50.9,"Breast, NOS","Breast, Right Upper Inner | Breast, Right Upper Outer | Breast, NOS",,female,white,Alive,false,54,-20049,female,no,Informed Consent,,,,,,,,,,,,,,,,
TCGA-BH-A0BQ,Breast,Ductal and Lobular Neoplasms,Follow-up | Post Initial Treatment | Last Contact,TF-Tumor Free,827 | 1709 | 2255,IHC,Positive,,ESR1 | ERBB2 | PGR,,,,,,Initial Diagnosis,Premenopausal,0,No,Stage I,0 | 1709,Left,,1750,,"Pharmaceutical Therapy, NOS | Radiation Therapy, NOS | Surgery, NOS | Surgery, NOS",,,no | yes | yes,Adjuvant | First-Line Therapy,,Breast,Uninvolved,Initial Diagnosis | Recurrent Disease,,,,,"Breast, NOS | Skin, NOS",2255.0,14494 | 16203,"Infiltrating duct carcinoma, NOS",2007,No | Yes,true | false,Core Biopsy,6th,T1c,8500/3,N0,M0,primary | recurrence,Yes,0,2,C50.9,"Breast, NOS | Not Reported","Breast, NOS",not hispanic or latino,female,white,Alive,false,39,-14494,female,no,Informed Consent,,,TCGA-BH-A0BQ_diagnosis,,"Skin, NOS",Locoregional,Yes,,,,No,,,No Metastasis,1709,
TCGA-BH-A0BT,Breast,Ductal and Lobular Neoplasms,Last Contact | Follow-up,TF-Tumor Free,2365 | 1386,IHC,Positive | Negative,,ESR1 | PGR | ERBB2,,,,,,,,7,No,Stage IIA,0,Right,,97 | 167,,"Chemotherapy | Surgery, NOS | Radiation, External Beam",,Doxorubicin Hydrochloride | Cyclophosphamide,yes,First-Line Therapy,Complete Response,Breast | Primary Tumor Field,Uninvolved,Initial Diagnosis,139 | 227,66,,Gy,"Breast, NOS",2365.0,20625,"Infiltrating duct carcinoma, NOS",2007,No,true,Core Biopsy,6th,T1c,8500/3,N1mi,M0,primary,Yes,,,C50.9,"Breast, NOS","Breast, Right Upper Inner",not hispanic or latino,female,white,Alive,false,56,-20625,female,no,Informed Consent,,36.0,,,,,,,,,No,No,,No Metastasis,,
TCGA-BH-A0C0,Breast,Ductal and Lobular Neoplasms,Last Contact | Follow-up,TF-Tumor Free,1270,FISH | IHC,Copy Number Reported | Test Value Reported | Equivocal | Positive,Amplification,Not Applicable | ERBB2 | ESR1 | PGR,90-99% | 60-69%,2+ | 3+,Signal ratio,chr17,4.7,Initial Diagnosis,Postmenopausal,7,No,Stage IIA,0,Left,mg/day | mg,204 | 57 | 158,Intravenous | Oral,"Surgery, NOS | Radiation, External Beam | Chemotherapy | Hormone Therapy",620.0 | 1.0 | 116.0,Carboplatin | Anastrozole | Docetaxel,yes,First-Line Therapy | Adjuvant,Treatment Ongoing,Breast | Primary Tumor Field,Uninvolved,Initial Diagnosis,249 | 162,6040 | 3740 | 710,6,cGy | mg/day | mg,"Breast, NOS",1270.0,23006,"Infiltrating duct carcinoma, NOS",2007,No,true,Core Biopsy,,T1c,8500/3,N1a,M0,primary,Yes,1,35,C50.9,"Breast, NOS","Breast, Left Upper Outer | Breast, NOS",,female,white,Alive,false,62,-23006,female,no,Informed Consent,1.0,33.0,,,,,,2.65 | 12.45,40,,,,,,,
TCGA-BH-A0DE,Breast,Ductal and Lobular Neoplasms,Follow-up | Last Contact,TF-Tumor Free,948 | 2372,IHC,Positive | Negative,,PGR | ERBB2 | ESR1,,,,,,Initial Diagnosis,Postmenopausal,16,No,Stage IIA,0,Left,,105,,"Surgery, NOS | Pharmaceutical Therapy, NOS | Radiation, External Beam",,,yes | no,First-Line Therapy | Adjuvant,Complete Response,Breast | Primary Tumor Field,Uninvolved,Initial Diagnosis,149,6040,,cGy,"Breast, NOS",2372.0,22656,"Infiltrating duct carcinoma, NOS",2007,No,true,Core Biopsy,6th,T2,8500/3,N0,M0,primary,Yes,0,2,C50.9,"Breast, NOS","Breast, Left Upper Outer",not hispanic or latino,female,white,Alive,false,62,-22656,female,no,Informed Consent,,33.0,,,,,,,,,No,,,No Metastasis,,
TCGA-BH-A0DG,Breast,Ductal and Lobular Neoplasms,Last Contact | Follow-up,TF-Tumor Free,2041 | 713,IHC,Positive | Negative,,ESR1 | PGR | ERBB2,,,,,,Initial Diagnosis,Premenopausal,-18,No,Stage IIA,0,Right,,48 | 166,,"Surgery, NOS | Chemotherapy | Radiation, External Beam",,Doxorubicin Hydrochloride | Cyclophosphamide | Docetaxel,yes,First-Line Therapy,Complete Response,Breast | Primary Tumor Field,Uninvolved,Initial Diagnosis,166 | 181,6000,,cGy,"Breast, NOS",2041.0,11204,"Infiltrating duct carcinoma, NOS",2007,No,true,Core Biopsy,6th,T2,8500/3,N0,M0,primary,Yes,0,3,C50.9,"Breast, NOS","Breast, Right Upper Outer",not hispanic or latino,female,black or african american,Alive,false,30,-11204,female,no,Informed Consent,,30.0,,,,,,,,,No,No,,No Metastasis,,
TCGA-BH-A0DH,Breast,Ductal and Lobular Neoplasms,Follow-up | Last Contact,TF-Tumor Free,1156,IHC,Negative | Positive,,ERBB2 | ESR1 | PGR,<10% | 90-99% | 40-49%,0 | 3+,,,,Initial Diagnosis,Postmenopausal,13,No,Stage IIB,0,Left,mg/day,71 | 164 | 189,Intravenous | Oral,"Chemotherapy | Surgery, NOS | Hormone Therapy | Radiation, External Beam",2.5,Docetaxel | Letrozole | Cyclophosphamide | Doxorubicin,yes,Adjuvant | Re-Excision | First-Line Therapy,Treatment Ongoing,Breast | Primary Tumor Field,Uninvolved | Involved,Initial Diagnosis,143 | 233,6000,4,cGy,"Breast, NOS",1156.0,23366,"Infiltrating duct carcinoma, NOS",2007,No,true,Core Biopsy,,T2,8500/3,N1a,M0,primary,Yes,3,28,C50.9,"Breast, NOS","Breast, Left Upper Outer | Breast, NOS",,female,white,Alive,false,63,-23366,female,no,Informed Consent,1.0,30.0,,,,,,,,,,,,,,
TCGA-BH-A0DI,Breast,Ductal and Lobular Neoplasms,Last Contact | Follow-up,TF-Tumor Free,912 | 673,IHC,Negative | Positive,,ERBB2 | PGR | ESR1,,,,,,Initial Diagnosis,Postmenopausal,15,No,Stage IIB,0,Right,,322 | 131 | 362 | 215 | 363,,"Radiation, External Beam | Chemotherapy | Surgery, NOS",,Doxorubicin Hydrochloride | Cyclophosphamide | Paclitaxel,yes,First-Line Therapy,Complete Response,Regional Site | Primary Tumor Field | Breast,Uninvolved,Initial Diagnosis,357 | 194 | 402 | 319 | 369,45 | 50 | 10,,Gy,"Breast, NOS",912.0,23327,"Infiltrating duct carcinoma, NOS",2009,No,true,Core Biopsy,6th,T2,8500/3,N1a,M0,primary,Yes,3,28,C50.9,"Breast, NOS","Breast, NOS",not hispanic or latino,female,white,Alive,false,63,-23327,female,no,Informed Consent,,25.0 | 28.0 | 5.0,,,,,,,,,No,Yes,,No Metastasis,,
TCGA-BH-A0DK,Breast,Ductal and Lobular Neoplasms,Last Contact | Follow-up,TF-Tumor Free,423,IHC,Negative | Positive,,ERBB2 | PGR | ESR1,,0,,,,Initial Diagnosis,Premenopausal,49,No,Stage IIA,0,Left,mg/day,112,Oral,"Surgery, NOS | Radiation Therapy, NOS | Hormone Therapy",20.0,Tamoxifen,yes | no,First-Line Therapy | Adjuvant,Treatment Ongoing,Breast,Uninvolved,Initial Diagnosis,,,,,"Breast, NOS",423.0,18237,"Infiltrating duct carcinoma, NOS",2009,No,true,Excisional Biopsy,,T2,8500/3,N0 (i-),M0,primary,Yes,0,3,C50.9,"Breast, NOS","Breast, Left Upper Outer | Breast, NOS",,female,white,Alive,false,49,-18237,female,no,Informed Consent,,,,,,,,,,,,,,,,
TCGA-BH-A0DT,Breast,Ductal and Lobular Neoplasms,Last Contact | Follow-up,TF-Tumor Free,2403 | 1170,IHC,Negative | Positive,,ERBB2 | ESR1 | PGR,,,,,,Initial Diagnosis,Premenopausal,19,No,Stage IIA,0,Right,,118,,"Chemotherapy | Surgery, NOS | Radiation Therapy, NOS",,Docetaxel | Cyclophosphamide | Doxorubicin Hydrochloride,yes,First-Line Therapy | Adjuvant,Complete Response | Not Reported,Breast,Uninvolved,Initial Diagnosis,287,,,,"Breast, NOS",2403.0,15078,"Infiltrating duct carcinoma, NOS",2007,No,true,Core Biopsy,6th,T1c,8500/3,N1a,M0,primary,Yes,1,18,C50.9,"Breast, NOS","Breast, NOS",,female,white,Alive,false,41,-15078,female,no,Informed Consent,,,,,,,,,,,No,No,,No Metastasis,,
TCGA-BH-A0DV,Breast,Ductal and Lobular Neoplasms,Follow-up | Last Contact,TF-Tumor Free,1374 | 2064,IHC,Negative | Positive,,ERBB2 | PGR | ESR1,,,,,,Initial Diagnosis,Perimenopausal,-20,No,Stage IIIA,0,Left,,177 | 48,,"Radiation, External Beam | Chemotherapy | Surgery, NOS",,Docetaxel | Doxorubicin Hydrochloride | Cyclophosphamide,yes,First-Line Therapy,Complete Response,Primary Tumor Field | Breast,Uninvolved,Initial Diagnosis,223 | 176 | 177,6040,,cGy,"Breast, NOS",2064.0,19781,"Infiltrating duct carcinoma, NOS",2007,No,true,Core Biopsy,6th,T2,8500/3,N2a,M0,primary,Yes,9,9,C50.9,"Breast, NOS","Breast, Left Upper Inner | Breast, Left Lower Inner | Breast, Left Lower Outer | Breast, NOS",,female,white,Alive,false,54,-19781,female,no,Informed Consent,,33.0,,,,,,,,,No,No,,No Metastasis,,
TCGA-BH-A0DX,Breast,Ductal and Lobular Neoplasms,Last Contact | Follow-up,TF-Tumor Free,2156 | 1442,IHC,Positive | Negative,,ESR1 | PGR | ERBB2,,,,,,Initial Diagnosis,Postmenopausal,-5,No,Stage I,0,Left,,79 | 143 | 171,,"Surgery, NOS | Chemotherapy | Radiation, External Beam",,Cyclophosphamide | Methotrexate | Docetaxel,yes,First-Line Therapy,Complete Response,Breast | Primary Tumor Field,Uninvolved,Initial Diagnosis,143 | 171 | 221,5040,,cGy,"Breast, NOS",2156.0,22833,"Infiltrating duct carcinoma, NOS",2007,No,true,Core Biopsy,6th,T1b,8500/3,N0,M0,primary,Yes,0,11,C50.9,"Breast, NOS","Breast, Left Upper Inner",not hispanic or latino,female,white,Alive,false,62,-22833,female,no,Informed Consent,,36.0,,,,,,,,,No,No,,No Metastasis,,
TCGA-BH-A0DZ,Breast,Ductal and Lobular Neoplasms,Last Contact | Follow-up,TF-Tumor Free,495,IHC,Positive,,PGR | ERBB2 | ESR1,<10% | 30-39% | 50-59%,2+ | 3+,,,,Initial Diagnosis,Premenopausal,34,No,Stage IIB,0,Right,mg/day,89 | 234,Intravenous | Oral,"Surgery, NOS | Chemotherapy | Radiation Therapy, NOS | Hormone Therapy",20.0,Carboplatin | Docetaxel | Trastuzumab | Tamoxifen,yes | no,First-Line Therapy | Adjuvant,Treatment Ongoing,Breast,Uninvolved,Initial Diagnosis,217 | 224,,6 | 12,,"Breast, NOS",495.0,15980,"Infiltrating duct carcinoma, NOS",2009,No,true,Core Biopsy,,T2,8500/3,N1a,M0,primary,Yes,1,5,C50.9,"Breast, NOS","Breast, Right Upper Inner | Breast, Right Upper Outer | Breast, Right Lower Inner | Breast, Right Lower Outer | Breast, NOS",,female,white,Alive,false,43,-15980,female,no,Informed Consent,,,,,,,,,,,,,,,,
TCGA-BH-A0E0,Breast,Ductal and Lobular Neoplasms,Follow-up | Last Contact,TF-Tumor Free,134,IHC,Negative,,ESR1 | ERBB2 | PGR,,0 | 1+,,,,Initial Diagnosis,Premenopausal,2,No,Stage IIIC,0,Left,mg,38 | 198,Intravenous,"Chemotherapy | Surgery, NOS | Radiation, External Beam",820.0 | 87.0 | 130.0,Cyclophosphamide | Doxorubicin | Docetaxel,yes,Adjuvant | First-Line Therapy,,Breast | Primary Tumor Field,Uninvolved,Initial Diagnosis,143 | 255,5034 | 503 | 763 | 6040,6,mg | cGy,"Breast, NOS",134.0,14175,"Infiltrating duct carcinoma, NOS",2009,No,true,Core Biopsy,,T3,8500/3,N3a,M0,primary,Yes,10,21,C50.9,"Breast, NOS","Breast, Left Upper Outer | Breast, Left Lower Outer | Breast, NOS",,female,white,Alive,false,38,-14175,female,no,Informed Consent,1.0,,,,,,,,,,,,,,,
TCGA-BH-A0E1,Breast,Ductal and Lobular Neoplasms,Follow-up | Last Contact,TF-Tumor Free,477,IHC | FISH,Positive | Equivocal | Test Value Reported | Copy Number Reported | Negative,Amplification,ESR1 | ERBB2 | Not Applicable | PGR,70-79% | 50-59%,2+ | 3+,Signal ratio,chr17,1.69,Initial Diagnosis,Perimenopausal,50,No,Stage IIB,0,Left,mg/day,308 | 349 | 140,Intravenous | Oral,"Radiation Therapy, NOS | Surgery, NOS | Chemotherapy | Hormone Therapy",1.0,Docetaxel | Anastrozole | Cyclophosphamide | Doxorubicin Hydrochloride,no | yes,Adjuvant | First-Line Therapy,Treatment Ongoing,Breast,Uninvolved,Initial Diagnosis,596 | 203,,12 | 4,,"Breast, NOS",477.0,19192,"Infiltrating duct carcinoma, NOS",2009,No,true,Core Biopsy,,T2,8500/3,N1,M0,primary,Yes,2,17,C50.9,"Breast, NOS","Breast, Left Upper Inner | Breast, NOS",,female,white,Alive,false,52,-19192,female,no,Informed Consent,,,,,,,,2.81 | 1.67,40,,,,,,,
TCGA-BH-A0E2,Breast,Ductal and Lobular Neoplasms,Last Contact | Follow-up,TF-Tumor Free,435 | 376,IHC,Positive | Negative,,PGR | ESR1 | ERBB2,<10% | 90-99%,1+ | 3+,,,,Initial Diagnosis,Premenopausal,14,No,Stage IIIA,0,Right,mg/day | mg,256 | 81 | 172,Oral | Intravenous,"Hormone Therapy | Chemotherapy | Surgery, NOS | Radiation Therapy, NOS",20.0 | 110.0 | 146.0 | 1104.0,Tamoxifen | Doxorubicin | Paclitaxel | Cyclophosphamide,yes | no,Adjuvant | First-Line Therapy,Treatment Ongoing,Breast,Uninvolved,Initial Diagnosis,151 | 221,438 | 1589 | 4392,4 | 11,mg,"Breast, NOS",435.0,18152,"Infiltrating duct carcinoma, NOS",2009,No,true,Core Biopsy,,T2,8500/3,N2a,M0,primary,Yes,4,26,C50.9,"Breast, NOS","Breast, Right Upper Inner | Breast, NOS",,female,black or african american,Alive,false,49,-18152,female,no,Informed Consent,,,,,,,,,,,,,,,,
TCGA-BH-A0E9,Breast,Ductal and Lobular Neoplasms,Follow-up | Last Contact,TF-Tumor Free,1405 | 2489,IHC,Positive | Negative,,PGR | ERBB2 | ESR1,,,,,,Initial Diagnosis,Postmenopausal,6,No,Stage IIB,0,Right,,192 | 96 | 150,,"Radiation, External Beam | Chemotherapy | Surgery, NOS",,Docetaxel | Doxorubicin Hydrochloride | Cyclophosphamide,yes,First-Line Therapy,Complete Response,Primary Tumor Field | Breast,Uninvolved,Initial Diagnosis,201 | 503 | 189,1400 | 5040,,cGy,"Breast, NOS",2489.0,19415,"Lobular carcinoma, NOS",2006,No,true,Core Biopsy,6th,T2,8520/3,N1a,M0,primary,Yes,3,12,C50.9,"Breast, NOS","Breast, NOS",,female,white,Alive,false,53,-19415,female,no,Informed Consent,,7.0 | 28.0,,,,,,,,,No,No,,No Metastasis,,
TCGA-BH-A0EI,Breast,Ductal and Lobular Neoplasms,Follow-up | Last Contact,TF-Tumor Free,1926 | 743,IHC,Positive | Negative,,PGR | ERBB2 | ESR1,,,,,,Initial Diagnosis,Perimenopausal,-7,No,Stage IIA,0,Right,,350 | 274,,"Radiation, External Beam | Surgery, NOS | Pharmaceutical Therapy, NOS",,,yes | no,First-Line Therapy | Adjuvant,Complete Response,Primary Tumor Field | Breast,Uninvolved,Initial Diagnosis,350 | 321,900 | 5040,,cGy,"Breast, NOS",1926.0,18741,"Infiltrating duct carcinoma, NOS",2008,No,true,Core Biopsy,6th,T1c,8500/3,N1a,M0,primary,Yes,2,2,C50.9,"Breast, NOS","Breast, NOS",not hispanic or latino,female,white,Alive,false,51,-18741,female,no,Informed Consent,,33.0,,,,,,,,,No,,,No Metastasis,,
TCGA-BH-A0GY,Breast,Ductal and Lobular Neoplasms,Last Contact | Follow-up,TF-Tumor Free,923 | 917,IHC,Negative | Positive,,ERBB2 | PGR | ESR1,90-99% | 40-49%,1+ | 3+ | 2+,,,,Initial Diagnosis,Postmenopausal,7,No,Stage IIA,0,Left,mg/day,202 | 351 | 317,Intravenous | Oral,"Surgery, NOS | Chemotherapy | Hormone Therapy | Radiation, External Beam",1.0,Doxorubicin Hydrochloride | Anastrozole | Cyclophosphamide,yes,First-Line Therapy | Adjuvant,Treatment Ongoing,Breast | Primary Tumor Field,Uninvolved,Initial Diagnosis,365,6040,,cGy,"Breast, NOS",923.0,24493,"Infiltrating duct carcinoma, NOS",2008,No,true,Core Biopsy,,T2,8500/3,N1,M0,primary,Yes,3,26,C50.9,"Breast, NOS","Breast, Left Lower Outer | Breast, NOS",,female,white,Alive,false,67,-24493,female,no,Informed Consent,1.0,33.0,,,,,,,,,,,,,,
TCGA-BH-A0GZ,Breast,Ductal and Lobular Neoplasms,Last Contact | Follow-up,TF-Tumor Free,328,FISH | IHC,Copy Number Reported | Positive | Test Value Reported | Negative | Equivocal,Amplification,ERBB2 | PGR | Not Applicable | ESR1,80-89% | 90-99%,3+ | 2+,Signal ratio,chr17,1.05,Initial Diagnosis,Postmenopausal,13,No,Stage IIA,0,Left,mg/day,157,Oral,"Surgery, NOS | Hormone Therapy | Radiation, External Beam",1.0,Anastrozole,yes,First-Line Therapy | Adjuvant,Treatment Ongoing,Breast | Primary Tumor Field,Uninvolved,Initial Diagnosis,,,,,"Breast, NOS",328.0,22714,"Infiltrating duct carcinoma, NOS",2009,No,true,Core Biopsy,,T1c,8500/3,N1a,M0,primary,Yes,1,14,C50.9,"Breast, NOS","Breast, Left Upper Inner | Breast, NOS",,female,white,Alive,false,62,-22714,female,no,Informed Consent,1.0,,,,,,,2.2 | 2.08,40,,,,,,,
TCGA-BH-A0H3,Breast,Ductal and Lobular Neoplasms,Last Contact | Follow-up,TF-Tumor Free,1928 | 1149,FISH | IHC,Negative | Positive,Amplification,ERBB2 | PGR | ESR1,,,,,,Initial Diagnosis,Premenopausal,7,No,Stage I,0,Left,,77 | 118,,"Pharmaceutical Therapy, NOS | Radiation, External Beam | Surgery, NOS",,,no | yes,Adjuvant | First-Line Therapy,Complete Response,Regional Site | Primary Tumor Field | Breast,Uninvolved,Initial Diagnosis,115 | 126,5040 | 14,,cGy | Gy,"Breast, NOS",1928.0,17152,"Infiltrating duct carcinoma, NOS",2008,No,true,Core Biopsy,6th,T1c,8500/3,N0,M0,primary,Yes,0,2,C50.9,"Breast, NOS","Breast, Left Upper Outer",not hispanic or latino,female,white,Alive,false,46,-17152,female,no,Informed Consent,,28.0 | 7.0,,,,,,,,,No,,,No Metastasis,,
TCGA-BH-A0H6,Breast,Ductal and Lobular Neoplasms,Last Contact | Follow-up,TF-Tumor Free,747,IHC,Positive | Negative,,ESR1 | PGR | ERBB2,50-59% | 60-69%,2+ | 3+ | 1+,,,,Initial Diagnosis,Postmenopausal,12,No,Stage I,0,Right,,64,,"Radiation, External Beam | Surgery, NOS | Pharmaceutical Therapy, NOS",,,yes,Adjuvant | First-Line Therapy,Not Reported,Primary Tumor Field | Breast,Uninvolved,Initial Diagnosis,97,5208,,cGy,"Breast, NOS",747.0,30125,"Infiltrating duct carcinoma, NOS",2008,No,true,Core Biopsy,,T1b,8500/3,NX,M0,primary,Yes,0,0,C50.9,"Breast, NOS","Breast, Right Upper Inner | Breast, Right Upper Outer | Breast, NOS",,female,white,Alive,false,82,-30125,female,no,Informed Consent,1.0,20.0,,,,,,,,,,,,,,
TCGA-BH-A0H7,Breast,Ductal and Lobular Neoplasms,Last Contact | Follow-up,TF-Tumor Free,702,IHC,Positive | Negative,,PGR | ERBB2 | ESR1,30-39% | 70-79%,2+ | 1+ | 3+,,,,Initial Diagnosis,Postmenopausal,29,No,Stage IIIA,0,Right,mg | mg/day,85 | 169 | 298 | 274,Intravenous | Oral,"Surgery, NOS | Chemotherapy | Hormone Therapy | Radiation, External Beam",860.0 | 115.0 | 1.0 | 765.0 | 86.0,Cyclophosphamide | Paclitaxel | Anastrozole | Clinical Trial | Doxorubicin,yes,First-Line Therapy | Adjuvant,Treatment Ongoing,Breast | Primary Tumor Field,Uninvolved,Initial Diagnosis,148 | 246 | 314 | 232,3440 | 1380 | 6040 | 6120 | 344,4 | 12 | 8,mg | cGy,"Breast, NOS",702.0,23972,"Infiltrating duct carcinoma, NOS",2008,No,true,Core Biopsy,,T1c,8500/3,N2a,M0,primary,Yes,6,16,C50.9,"Breast, NOS","Breast, Right Upper Inner | Breast, Right Upper Outer | Breast, Right Lower Inner | Breast, Right Lower Outer | Breast, NOS",,female,white,Alive,false,65,-23972,female,no,Informed Consent,1.0,33.0,,,,,,,,,,,,,,
TCGA-BH-A0H9,Breast,Ductal and Lobular Neoplasms,Last Contact | Follow-up,TF-Tumor Free,1247,FISH | IHC,Test Value Reported | Copy Number Reported | Negative | Equivocal | Positive,Amplification,ERBB2 | Not Applicable | ESR1 | PGR,90-99% | 30-39%,2+ | 3+ | 1+,Signal ratio,chr17,1.5,Initial Diagnosis,Postmenopausal,73,No,Stage IIA,0,Right,mg/day,225 | 101,Oral,"Radiation, External Beam | Hormone Therapy | Surgery, NOS",1.0,Anastrozole,yes,Adjuvant | First-Line Therapy,Treatment Ongoing,Primary Tumor Field | Breast,Uninvolved,Initial Diagnosis,263,6300,,cGy,"Breast, NOS",1247.0,25289,"Infiltrating duct carcinoma, NOS",2007,No,true,Core Biopsy,,T2,8500/3,N0 (i-),M0,primary,Yes,0,1,C50.9,"Breast, NOS","Breast, Right Upper Outer | Breast, NOS",,female,white,Alive,false,69,-25289,female,no,Informed Consent,1.0,35.0,,,,,,3.43 | 2.98,40,,,,,,,
TCGA-BH-A0HA,Breast,Ductal and Lobular Neoplasms,Follow-up | Last Contact,TF-Tumor Free,856 | 1611,FISH | IHC,Negative | Positive,Amplification,ERBB2 | ESR1 | PGR,,,,,,Initial Diagnosis,Premenopausal,34,No,Stage I,0,Right,,,,"Pharmaceutical Therapy, NOS | Surgery, NOS | Radiation Therapy, NOS",,,no | yes,Adjuvant | First-Line Therapy,,Breast,Uninvolved,Initial Diagnosis,,,,,"Breast, NOS",1611.0,11379,"Infiltrating duct carcinoma, NOS",2008,No,true,Core Biopsy,6th,T1c,8500/3,N0 (i-),M0,primary,Yes,0,4,C50.9,"Breast, NOS","Breast, NOS",not hispanic or latino,female,white,Alive,false,31,-11379,female,no,Informed Consent,,,,,,,,,,,No,,,No Metastasis,,
TCGA-BH-A0HI,Breast,Ductal and Lobular Neoplasms,Follow-up | Last Contact,TF-Tumor Free,620,IHC,Positive | Negative,,PGR | ESR1 | ERBB2,40-49% | 50-59%,1+ | 3+,,,,Initial Diagnosis,Postmenopausal,15,No,Stage IA,0,Right,mg/day,96 | 88,Oral,"Radiation, External Beam | Surgery, NOS | Hormone Therapy",1.0,Anastrozole,yes,Adjuvant | First-Line Therapy,Treatment Ongoing,Primary Tumor Field | Breast,Uninvolved,Initial Diagnosis,141,6040,,cGy,"Breast, NOS",620.0,28644,"Infiltrating duct carcinoma, NOS",2008,No,true,Core Biopsy,,T1c,8500/3,N0 (i-),M0,primary,Yes,0,1,C50.9,"Breast, NOS","Breast, Right Upper Inner | Breast, Right Lower Inner | Breast, NOS",,female,white,Alive,false,78,-28644,female,no,Informed Consent,1.0,33.0,,,,,,,,,,,,,,
TCGA-BH-A0HX,Breast,Ductal and Lobular Neoplasms,Follow-up | Last Contact,TF-Tumor Free,829,IHC,Positive | Negative,,PGR | ERBB2 | ESR1,50-59% | <10% | 80-89%,3+,,,,Initial Diagnosis,Postmenopausal,24,No,Stage IIB,0,Left,mg/day,278 | 117,Oral | Intravenous,"Hormone Therapy | Radiation Therapy, NOS | Surgery, NOS | Chemotherapy",1.0,Anastrozole | Cyclophosphamide | Doxorubicin Hydrochloride | Docetaxel,yes | no,Adjuvant | First-Line Therapy,Treatment Ongoing,Breast,Uninvolved,Initial Diagnosis,,,,,"Breast, NOS",829.0,19900,"Infiltrating duct carcinoma, NOS",2008,No,true,Core Biopsy,,T2,8500/3,N1a,M0,primary,Yes,2,24,C50.9,"Breast, NOS","Breast, Left Upper Inner | Breast, Left Upper Outer | Breast, Left Lower Inner | Breast, Left Lower Outer | Breast, NOS",,female,white,Alive,false,54,-19900,female,no,Informed Consent,,,,,,,,,,,,,,,,
TCGA-BH-A0HY,Breast,Ductal and Lobular Neoplasms,Follow-up | Last Contact,TF-Tumor Free,1545 | 1008 | 868,IHC,Negative | Positive,,PGR | ERBB2 | ESR1,,,,,,Initial Diagnosis,Postmenopausal,49,No,Stage I,0,Left,,88,,"Surgery, NOS | Chemotherapy | Hormone Therapy | Radiation Therapy, NOS",,Carboplatin | Docetaxel | Trastuzumab,yes | no,First-Line Therapy | Adjuvant,Complete Response,Breast,Uninvolved,Initial Diagnosis,190 | 427,,,,"Breast, NOS",1545.0,22179,"Infiltrating duct carcinoma, NOS",2009,No,true,Core Biopsy,6th,T1c,8500/3,N0,M0,primary,Yes,0,3,C50.9,"Breast, NOS","Breast, NOS",not hispanic or latino,female,white,Alive,false,60,-22179,female,no,Informed Consent,,,,,,,,,,,No,Yes,,No Metastasis,,
TCGA-BH-A0RX,Breast,Ductal and Lobular Neoplasms,Last Contact | Follow-up,TF-Tumor Free,170,IHC,Negative,,ESR1 | ERBB2 | PGR,<10%,0 | 1+,,,,Initial Diagnosis,Postmenopausal,8,No,Stage IIA,0,Left,mg,50,Intravenous,"Chemotherapy | Radiation Therapy, NOS | Surgery, NOS",1122.0 | 75.0,Fluorouracil | Methotrexate | Cyclophosphamide,yes,Adjuvant | First-Line Therapy,Not Reported,Breast,Uninvolved,Initial Diagnosis,155,6808 | 447,6,mg,"Breast, NOS",170.0,21857,"Infiltrating duct carcinoma, NOS",2010,No,true,Core Biopsy,,T2,8500/3,N0 (i-),M0,primary,Yes,0,3,C50.9,"Breast, NOS","Breast, Left Upper Outer | Breast, NOS",,female,white,Alive,false,59,-21857,female,no,Informed Consent,,,,,,,,,,,,,,,,
TCGA-BH-A0W3,Breast,Ductal and Lobular Neoplasms,Follow-up | Last Contact,TF-Tumor Free,180 | 728,FISH | IHC,Negative | Equivocal | Positive,Amplification,ERBB2 | PGR | ESR1,,,,,,Initial Diagnosis,Unknown,-1,No,Stage IIA,0,Left,,63,,"Pharmaceutical Therapy, NOS | Surgery, NOS | Radiation, External Beam",,,no | yes,Adjuvant | First-Line Therapy,Complete Response,Breast | Regional Site | Primary Tumor Field,Not Reported,Initial Diagnosis,96 | 98,46,,Gy,"Breast, NOS",728.0,21369,"Infiltrating duct carcinoma, NOS",2010,No,true,Core Biopsy,7th,T1c,8500/3,N1a,M0,primary,Yes,1,4,C50.9,"Breast, NOS","Breast, Left Upper Inner",not hispanic or latino,female,white,Alive,false,58,-21369,female,no,Informed Consent,,,,,,,,,,,,,,,,
TCGA-BH-A0W5,Breast,Ductal and Lobular Neoplasms,Last Contact | Follow-up,TF-Tumor Free,1288 | 543,IHC | FISH,Positive | Equivocal,Amplification,PGR | ESR1 | ERBB2,,,,,,,,10,No,Stage IIA,0,Left,,22 | 113,,"Hormone Therapy | Radiation, External Beam | Surgery, NOS",,Anastrozole,yes,First-Line Therapy,Complete Response,Primary Tumor Field | Breast,Uninvolved,Initial Diagnosis,144,,,,"Breast, NOS",1288.0,28304,"Infiltrating duct carcinoma, NOS",2008,No,true,Core Biopsy,6th,T1c,8500/3,N1a,M0,primary,Yes,1,11,C50.9,"Breast, NOS","Breast, NOS",not hispanic or latino,female,white,Alive,false,77,-28304,female,no,Informed Consent,,,,,,,,,,,,No,,,,
TCGA-BH-A18F,Breast,Ductal and Lobular Neoplasms,Follow-up | Last Contact,TF-Tumor Free,1001 | 268,IHC,Positive | Negative,,PGR | ERBB2 | ESR1,40-49% | 70-79%,3+,,,,Initial Diagnosis,Perimenopausal,50,No,Stage IIA,0,Right,,101 | 224 | 189,,"Chemotherapy | Radiation, External Beam | Surgery, NOS",,Docetaxel | Cyclophosphamide,yes,First-Line Therapy,Complete Response,Regional Site | Primary Tumor Field | Breast,Uninvolved,Initial Diagnosis,189 | 233 | 223,1600 | 5000,,cGy,"Breast, NOS",1001.0,18594,"Infiltrating duct carcinoma, NOS",2010,No,true,Core Biopsy,7th,T2,8500/3,N0,M0,primary,Yes,0,1,C50.9,"Breast, NOS","Breast, Right Lower Outer",not hispanic or latino,female,white,Alive,false,50,-18594,female,no,Informed Consent,,8.0 | 25.0,,,,,,,,3 Point Scale,No,No,,,,
TCGA-BH-A18H,Breast,Ductal and Lobular Neoplasms,Last Contact | Follow-up,TF-Tumor Free,652 | 0,IHC | FISH,Positive | Equivocal,Amplification,PGR | ERBB2 | ESR1,,,,,,Initial Diagnosis,Postmenopausal,-32,No,Stage IA,0,Right | Left,,219 | 34 | 118 | 260,,"Radiation, External Beam | Chemotherapy | Surgery, NOS | Pharmaceutical Therapy, NOS | Radiation Therapy, NOS",,Cyclophosphamide | Docetaxel | Doxorubicin Hydrochloride,yes | no,First-Line Therapy,Complete Response,Primary Tumor Field | Breast,Uninvolved,Initial Diagnosis,259 | 118 | 219 | 266,50 | 10,,Gy,"Breast, NOS",652.0,23065,"Infiltrating duct carcinoma, NOS",2010,No,true | false,Core Biopsy,7th,T1b | T1c,8500/3,N0 | N1a,M0 | MX,primary | Synchronous primary,Yes,0,2,C50.9,"Breast, NOS | Not Reported","Breast, Right Upper Outer",not hispanic or latino,female,white,Alive,false,63,-23065,female,no,Informed Consent,,28.0 | 5.0,,,,,,,,,No,No,,,,
TCGA-BH-A18I,Breast,Ductal and Lobular Neoplasms,Follow-up | Last Contact,TF-Tumor Free,1093 | 220,IHC,Positive,,ESR1 | PGR | ERBB2,,,,,,Initial Diagnosis,Postmenopausal,43,No,Stage IIA,0,Left,,121,,"Surgery, NOS | Chemotherapy | Radiation Therapy, NOS",,Docetaxel | Cyclophosphamide,yes | no,First-Line Therapy | Re-Excision | Adjuvant,Complete Response,Breast,Involved | Uninvolved,Initial Diagnosis,220,,,,Upper-inner quadrant of breast,1093.0,19489,"Infiltrating duct carcinoma, NOS",2010,No,true,Core Biopsy,7th,T1c,8500/3,N1a,cM0 (i+),primary,Yes,1,3,C50.2,"Breast, NOS","Breast, Left Upper Outer",not hispanic or latino,female,white,Alive,false,53,-19489,female,no,Informed Consent,,,,,,,,,,,No,No,,,,
TCGA-BH-A201,Breast,Ductal and Lobular Neoplasms,Last Contact | Follow-up,TF-Tumor Free,856 | 210,IHC,Positive | Negative,,ESR1 | PGR | ERBB2,,,,,,Initial Diagnosis,Postmenopausal,-4,No,Stage IA,0,Left,,56,,"Pharmaceutical Therapy, NOS | Radiation, External Beam | Surgery, NOS",,,no | yes,Adjuvant | First-Line Therapy,Complete Response,Primary Tumor Field | Breast,Not Reported,Initial Diagnosis,108,6640,,cGy,"Breast, NOS",856.0,23423,"Infiltrating duct carcinoma, NOS",2011,No,true,Core Biopsy,7th,T1,8500/3,N0,M0,primary,Yes,0,2,C50.9,"Breast, NOS","Breast, NOS",not hispanic or latino,female,white,Alive,false,64,-23423,female,no,Informed Consent,,28.0,,,,,,,,,No,,United States,,,
TCGA-BH-A202,Breast,Ductal and Lobular Neoplasms,Follow-up | Last Contact,TF-Tumor Free,795 | 22,IHC,Positive,,ERBB2 | ESR1 | PGR,,,,,,Initial Diagnosis,Postmenopausal,-1,No,Stage II,0,Left,,47 | 182,,"Chemotherapy | Radiation, External Beam | Surgery, NOS",,Docetaxel | Carboplatin,yes,First-Line Therapy,Complete Response,Primary Tumor Field | Breast,Not Reported,Initial Diagnosis,169 | 231,6100,,cGy,"Breast, NOS",795.0,22052,"Infiltrating duct carcinoma, NOS",2011,No,true,Core Biopsy,6th,T2,8500/3,N0,M0,primary,Yes,0,4,C50.9,"Breast, NOS","Breast, NOS",not hispanic or latino,female,white,Alive,false,60,-22052,female,no,Informed Consent,,25.0,,,,,,,,,No,No,United States,,,
TCGA-BH-A28Q,Breast,Ductal and Lobular Neoplasms,Follow-up | Last Contact,TF-Tumor Free,196 | 1119,IHC | FISH,Positive | Negative | Equivocal,Amplification,ESR1 | ERBB2 | PGR,,,,,,Initial Diagnosis,Premenopausal,7,No,Stage IIB,0,Right,,,,"Surgery, NOS | Pharmaceutical Therapy, NOS | Radiation Therapy, NOS",,,yes | no,First-Line Therapy | Adjuvant,,Breast,Not Reported,Initial Diagnosis,,,,,"Breast, NOS",1119.0,16882,"Lobular carcinoma, NOS",2010,No,true,Fine Needle Aspiration,7th,T2,8520/3,N1a,M0,primary,Yes,2,18,C50.9,"Breast, NOS","Breast, NOS",not hispanic or latino,female,white,Alive,false,46,-16882,female,no,Informed Consent,,,,,,,,,,,No,,United States,,,
TCGA-E2-A14N,Breast,Ductal and Lobular Neoplasms,Follow-up | Last Contact,TF-Tumor Free,1434 | 1350,IHC,Negative,,ERBB2 | ESR1 | PGR,<10%,,,,,Initial Diagnosis,Premenopausal,-16,No,Stage IIB,0,Right,mg,64 | 181 | 87,Intravenous,"Surgery, NOS | Chemotherapy | Radiation, External Beam",1100.0 | 135.0 | 110.0,Cyclophosphamide | Docetaxel | Doxorubicin,yes,First-Line Therapy | Adjuvant,,Breast | Regional Site,Uninvolved,Initial Diagnosis,148 | 236 | 64,5444 | 5040 | 540 | 110,5 | 4 | 1,mg | cGy,"Breast, NOS",1434.0,13743,"Infiltrating duct carcinoma, NOS",2007,No,true,Surgical Resection,6th,T2,8500/3,N1,M0,primary,Yes,1,38,C50.9,"Breast, NOS","Breast, Right Upper Inner",not hispanic or latino,female,white,Alive,false,37,-13743,female,no,Informed Consent,1.0,28.0,,,,,,,,,,,,No Metastasis,,
TCGA-E2-A14P,Breast,Ductal and Lobular Neoplasms,Follow-up | Last Contact,TF-Tumor Free,1246 | 487,IHC,Positive | Negative,,ERBB2 | PGR | ESR1,90-99%,3+,,,,Initial Diagnosis,Postmenopausal,-1,No,Stage IIIC,0,Right,mg,39 | 47,Intravenous,"Chemotherapy | Radiation, External Beam | Surgery, NOS",570.0,Trastuzumab,yes,Adjuvant | First-Line Therapy,,Primary Tumor Field | Breast,Uninvolved,Initial Diagnosis,396 | 90,10568 | 6000,3,mg | cGy,"Breast, NOS",1246.0,28923,"Infiltrating duct carcinoma, NOS",2008,No,true,Surgical Resection,6th,T2,8500/3,N3,M0,primary,Yes,10,24,C50.9,"Breast, NOS","Breast, Right Upper Outer",not hispanic or latino,female,white,Alive,false,79,-28923,female,no,Informed Consent,1.0,30.0,,,,,,,,,,,,No Metastasis,,
TCGA-E2-A14Q,Breast,Ductal and Lobular Neoplasms,Last Contact | Follow-up,TF-Tumor Free,1163 | 974,IHC,Positive | Negative,,ESR1 | ERBB2 | PGR,<10%,1+,,,,Initial Diagnosis,Premenopausal,-27,No,Stage IIB,0,Left,mg/day,53,Oral,"Radiation Therapy, NOS | Surgery, NOS | Hormone Therapy",20.0,Tamoxifen,no | yes,Adjuvant | First-Line Therapy,Treatment Ongoing,Breast,Uninvolved,Initial Diagnosis,,20,,mg/day,"Breast, NOS",1163.0,18507,"Infiltrating duct carcinoma, NOS",2008,No,true,Surgical Resection,6th,T2,8500/3,N1mi,M0,primary,Yes,1,7,C50.9,"Breast, NOS","Breast, Left Upper Outer",not hispanic or latino,female,white,Alive,false,50,-18507,female,no,Informed Consent,,,,,,,,,,,,,,No Metastasis,,
TCGA-E2-A14T,Breast,Ductal and Lobular Neoplasms,Follow-up | Last Contact,TF-Tumor Free,1013 | 2311 | 890,FISH | IHC,Negative | Test Value Reported | Positive,Amplification,ERBB2 | ESR1 | PGR,,1+,Signal ratio,chr17,1.29,Initial Diagnosis,Postmenopausal,-13,No,Stage IIA,0,Left,mg | mg/day,103 | 47 | 159,Intravenous | Oral,"Chemotherapy | Surgery, NOS | Hormone Therapy | Radiation Therapy, NOS",357.0 | 1242.0 | 1.0 | 124.0,Paclitaxel | Cyclophosphamide | Anastrozole | Doxorubicin,yes | no,Adjuvant | First-Line Therapy,Treatment Ongoing,Breast,Uninvolved,Initial Diagnosis,145 | 89,1428 | 4968 | 1 | 496,4,mg | mg/day,"Breast, NOS",2311.0,19237,"Infiltrating duct carcinoma, NOS",2008,No,true,Surgical Resection,6th,T2,8500/3,N0,M0,primary,Yes,0,7,C50.9,"Breast, NOS","Breast, Left Upper Inner",not hispanic or latino,female,white,Alive,false,52,-19237,female,no,Informed Consent,,,,,,,,,,,No,,,No Metastasis,,
TCGA-E2-A14V,Breast,Ductal and Lobular Neoplasms,Follow-up | Last Contact,TF-Tumor Free,1042 | 748,IHC,Positive,,ERBB2 | ESR1 | PGR,90-99%,3+,,,,Initial Diagnosis,Postmenopausal,-6,No,Stage IIB,0,Left,mg | mg/day,304 | 253 | 55 | 118,Oral | Intravenous,"Hormone Therapy | Radiation, External Beam | Chemotherapy | Surgery, NOS",1.0 | 112.0 | 152.0 | 1500.0 | 1128.0,Anastrozole | Doxorubicin | Paclitaxel | Lapatinib | Cyclophosphamide,yes,Adjuvant | First-Line Therapy,Treatment Ongoing,Primary Tumor Field | Breast,Uninvolved,Initial Diagnosis,303 | 97 | 195 | 468,6640 | 448 | 1499 | 571500 | 4512,4,cGy | mg,"Breast, NOS",1042.0,19643,"Infiltrating duct carcinoma, NOS",2008,No,true,Surgical Resection,6th,T2,8500/3,N1,M0,primary,Yes,3,24,C50.9,"Breast, NOS","Breast, Left Lower Inner",not hispanic or latino,female,white,Alive,false,53,-19643,female,no,Informed Consent,1.0,36.0,,,,,,,,3 Point Scale,,,,No Metastasis,,
TCGA-E2-A14X,Breast,Ductal and Lobular Neoplasms,Follow-up | Last Contact,TF-Tumor Free,692 | 972,IHC,Negative,,ERBB2 | ESR1 | PGR,<10%,1+,,,,Initial Diagnosis,Postmenopausal,-744,No,Stage IIIA,0,Right,mg/day | mg,218 | 182 | 55 | 111,Oral | Intravenous,"Radiation, External Beam | Bisphosphonate Therapy | Chemotherapy | Surgery, NOS",75200.0 | 1284.0 | 171.0 | 1470.0 | 128.0,Clodronic Acid | Cyclophosphamide | Paclitaxel | Bevacizumab | Doxorubicin,yes,Adjuvant | First-Line Therapy,,Primary Tumor Field | Breast,Uninvolved,Initial Diagnosis,271 | 280 | 97 | 199 | 188,6640 | 75200 | 5136 | 1642 | 9310 | 512,2 | 5 | 7,cGy | mg,"Breast, NOS",972.0,20105,"Infiltrating duct carcinoma, NOS",2009,No,true,Surgical Resection,6th,T2,8500/3,N2,M0,primary,Yes,5,21,C50.9,"Breast, NOS","Breast, Right Upper Outer",not hispanic or latino,female,black or african american,Alive,false,55,-20105,female,no,Informed Consent,1.0,36.0,,,,,,,,,,,,No Metastasis,,
TCGA-E2-A14Y,Breast,Ductal and Lobular Neoplasms,Last Contact | Follow-up,TF-Tumor Free,2109 | 870 | 688,FISH | IHC,Positive | Equivocal,Amplification,ERBB2 | ESR1 | PGR,,2+,,,,Initial Diagnosis,Premenopausal,-6,No,Stage IIA,0,Right,mg/day | mg,190 | 44 | 212 | 548,Oral | Intravenous,"Hormone Therapy | Chemotherapy | Radiation Therapy, NOS | Surgery, NOS",20.0 | 137.0 | 536.0 | 600.0 | 4.0 | 60.0,Tamoxifen | Docetaxel | Trastuzumab | Carboplatin | Zoledronic Acid | Toremifene Citrate,yes | no,Adjuvant | First-Line Therapy,Treatment Ongoing,Breast,Uninvolved,Initial Diagnosis,547 | 149 | 384 | 1185,20 | 829 | 7168 | 4092 | 48 | 60,6 | 17,mg/day | mg,"Breast, NOS",2109.0,13004,"Infiltrating duct carcinoma, NOS",2009,No,true,Surgical Resection,6th,T2,8500/3,N0,M0,primary,Yes,0,5,C50.9,"Breast, NOS","Breast, NOS",not hispanic or latino,female,white,Alive,false,35,-13004,female,no,Informed Consent,,,,,,,,,,,No,,,No Metastasis,,
TCGA-E2-A150,Breast,Ductal and Lobular Neoplasms,Follow-up | Last Contact,TF-Tumor Free,773 | 591 | 1935,IHC,Negative,,PGR | ERBB2 | ESR1,,,,,,Initial Diagnosis,Postmenopausal,-13,No,Stage IIA,0,Left,mg,24 | 80 | 154,Intravenous,"Surgery, NOS | Chemotherapy | Radiation, External Beam",122.0 | 398.0 | 1218.0,Doxorubicin | Nab-paclitaxel | Cyclophosphamide,yes,First-Line Therapy | Adjuvant,,Breast | Primary Tumor Field,Uninvolved,Initial Diagnosis,96 | 129 | 202 | 66,488 | 1719 | 6040 | 4872,4,mg | cGy,"Breast, NOS",1935.0,17580,"Infiltrating duct carcinoma, NOS",2009,No,true,Surgical Resection,6th,T2,8500/3,N0,M0,primary,Yes,0,2,C50.9,"Breast, NOS","Breast, Left Upper Outer",not hispanic or latino,female,white,Alive,false,48,-17580,female,no,Informed Consent,1.0,33.0,,,,,,,,,No,,,No Metastasis,,
TCGA-E2-A152,Breast,Ductal and Lobular Neoplasms,Follow-up | Last Contact | Post Initial Treatment,TF-Tumor Free | WT-With Tumor,2128 | 825 | 1994 | 966 | 54 | 588 | 83,IHC,Negative | Positive,,PGR | ESR1 | ERBB2,,3+,,,,Initial Diagnosis,Postmenopausal,-10,No,Stage I,0 | 54 | 966 | 83,Right,mg/day | mg,231 | 42 | 63 | 1044,Oral | Intravenous,"Hormone Therapy | Chemotherapy | Radiation Therapy, NOS | Surgery, NOS | Pharmaceutical Therapy, NOS | Radiation Therapy, NOS | Surgery, NOS | Pharmaceutical Therapy, NOS | Surgery, NOS | Radiation Therapy, NOS",1.0 | 942.0 | 460.0 | 156.0 | 118.0,Anastrozole | Cyclophosphamide | Trastuzumab | Nab-paclitaxel | Docetaxel,yes | no | no | yes,Adjuvant | First-Line Therapy,Treatment Ongoing,Breast | Locoregional Site,Uninvolved,Initial Diagnosis | Progressive Disease | Recurrent Disease | Recurrent Disease,42 | 217,1 | 942 | 12678 | 2641 | 118,1 | 6,mg/day | mg,"Breast, NOS | Liver | Bone, NOS",2128.0,20705 | 20759 | 21671 | 20788,"Infiltrating duct carcinoma, NOS",2009,No | Yes,true | false,Surgical Resection,6th,T1c,8500/3,N0,M0,primary | metastasis | recurrence,Yes,0,3,C50.9,"Breast, NOS | Not Reported","Breast, Right Upper Inner",not hispanic or latino,female,white,Alive,false,56,-20705,female,no,Informed Consent,,,TCGA-E2-A152_diagnosis,54 | 83,"Breast, NOS | Liver | Bone, NOS",Locoregional | Distant,Yes,,,,No,,,No Metastasis,966,
TCGA-E2-A159,Breast,Ductal and Lobular Neoplasms,Follow-up | Last Contact,TF-Tumor Free,762 | 515,IHC | FISH,Negative,Amplification,ESR1 | PGR | ERBB2,,,,,,Initial Diagnosis,Premenopausal,-57,No,Stage IIA,0,Left,mg,50 | 113 | 165,Intravenous,"Surgery, NOS | Chemotherapy | Radiation, External Beam",1272.0 | 378.0 | 127.0,Cyclophosphamide | Nab-paclitaxel | Doxorubicin,yes,First-Line Therapy | Adjuvant,,Breast | Primary Tumor Field,Uninvolved,Initial Diagnosis,91 | 141 | 215,5088 | 1134 | 6240 | 508,4 | 3,mg | cGy,"Breast, NOS",762.0,18621,"Infiltrating duct carcinoma, NOS",2009,No,true,Surgical Resection,6th,T2,8500/3,N0,M0,primary,Yes,0,4,C50.9,"Breast, NOS","Breast, Left Lower Outer",not hispanic or latino,female,white,Alive,false,50,-18621,female,no,Informed Consent,1.0,34.0,,,,,,,,,,,,No Metastasis,,
TCGA-E2-A15A,Breast,Ductal and Lobular Neoplasms,Last Contact | Follow-up,TF-Tumor Free,710 | 502,IHC,Positive | Negative,,ESR1 | PGR | ERBB2,,1+,,,,Initial Diagnosis,Premenopausal,-7,No,Stage IIIC,0,Left,mg,103 | 47 | 145,Intravenous,"Chemotherapy | Radiation, External Beam | Surgery, NOS",280.0 | 948.0 | 95.0 | 4.0,Paclitaxel | Cyclophosphamide | Doxorubicin | Zoledronic Acid,yes,Adjuvant | First-Line Therapy,Treatment Ongoing,Regional Site | Breast,Uninvolved,Initial Diagnosis,145 | 89 | 222,1120 | 3792 | 380 | 44 | 6040,4,mg | cGy,"Breast, NOS",710.0,16750,"Infiltrating duct carcinoma, NOS",2009,No,true,Surgical Resection,6th,T2,8500/3,N3a,M0,primary,Yes,13,19,C50.9,"Breast, NOS","Breast, NOS",not hispanic or latino,female,white,Alive,false,45,-16750,female,no,Informed Consent,1.0,33.0,,,,,,,,,,,,No Metastasis,,
TCGA-E2-A15E,Breast,Ductal and Lobular Neoplasms,Follow-up | Last Contact,TF-Tumor Free,518 | 630,IHC | FISH,Positive,Amplification,PGR | ESR1 | ERBB2,,,,,,Initial Diagnosis,Premenopausal,-55,No,Stage IIA,0,Left,mg/day | mg,77 | 203 | 119 | 451 | 218 | 63,Oral | Intravenous,"Bisphosphonate Therapy | Hormone Therapy | Chemotherapy | Radiation, External Beam | Surgery, NOS",1600.0 | 20.0 | 232.0 | 25.0 | 954.0 | 130.0 | 95.0,Clodronate Disodium | Tamoxifen | Trastuzumab | Exemestane | Cyclophosphamide | Paclitaxel | Doxorubicin,yes,Adjuvant | First-Line Therapy,Treatment Ongoing,Primary Tumor Field | Breast,Uninvolved,Initial Diagnosis,448 | 489 | 275 | 105 | 198,4900 | 6098 | 6040 | 3816 | 1560 | 380,24 | 4 | 12,mg | cGy,"Breast, NOS",630.0,14894,"Infiltrating duct carcinoma, NOS",2009,No,true,Surgical Resection,6th,T1c,8500/3,N1a,M0,primary,Yes,1,9,C50.9,"Breast, NOS","Breast, NOS",not hispanic or latino,female,white,Alive,false,40,-14894,female,no,Informed Consent,1.0,33.0,,,,,,,,,,,,No Metastasis,,
TCGA-E2-A15H,Breast,Ductal and Lobular Neoplasms,Last Contact | Follow-up,TF-Tumor Free,393 | 42,IHC | FISH,Positive | Equivocal,Amplification,PGR | ERBB2 | ESR1,,2+,,,,Initial Diagnosis,Premenopausal,-13,No,Stage IIA,0,Right,,83,,"Surgery, NOS | Chemotherapy | Radiation Therapy, NOS",,Trastuzumab,yes | no,First-Line Therapy | Adjuvant,,Breast,Uninvolved,Initial Diagnosis,,,,,"Breast, NOS",393.0,13985,"Infiltrating duct carcinoma, NOS",2009,No,true,Surgical Resection,6th,T1c,8500/3,N1mi,M0,primary,Yes,1,4,C50.9,"Breast, NOS","Breast, Right Upper Outer",not hispanic or latino,female,white,Alive,false,38,-13985,female,no,Informed Consent,,,,,,,,,,,,,,No Metastasis,,
TCGA-E2-A15I,Breast,Ductal and Lobular Neoplasms,Follow-up | Last Contact,TF-Tumor Free,411 | 1692 | 530,FISH | IHC,Test Value Reported | Positive | Equivocal | Negative,Amplification,ERBB2 | ESR1 | PGR,90-99%,2+,Signal ratio,chr17,1.04,Initial Diagnosis,Premenopausal,-29,No,Stage IIA,0,Left,mg/day,41,Oral,"Surgery, NOS | Radiation Therapy, NOS | Hormone Therapy",20.0,Tamoxifen,yes | no,First-Line Therapy | Adjuvant,Treatment Ongoing,Breast,Uninvolved,Initial Diagnosis,,20,,mg/day,"Breast, NOS",1692.0,16163,"Infiltrating duct carcinoma, NOS",2009,No,true,Surgical Resection,6th,T2,8500/3,N0,M0,primary,Yes,0,4,C50.9,"Breast, NOS","Breast, Left Upper Outer | Breast, Left Lower Outer",not hispanic or latino,female,white,Alive,false,44,-16163,female,no,Informed Consent,,,,,,,,,,3 Point Scale,No,,,No Metastasis,,
TCGA-E2-A15J,Breast,Ductal and Lobular Neoplasms,Follow-up | Last Contact,TF-Tumor Free,590 | 1640 | 464,IHC | FISH,Equivocal | Positive | Negative,Amplification,ERBB2 | PGR | ESR1,,2+,,,,Initial Diagnosis,Premenopausal,-8,No,Stage I,0,Left,mg | mg/day,65 | 151,Intravenous | Oral,"Chemotherapy | Radiation Therapy, NOS | Hormone Therapy | Surgery, NOS",126.0 | 1008.0 | 20.0,Docetaxel | Cyclophosphamide | Tamoxifen,yes | no,Adjuvant | First-Line Therapy,Treatment Ongoing,Breast,Uninvolved,Initial Diagnosis,128,504 | 4032 | 20,4,mg | mg/day,"Breast, NOS",1640.0,18771,"Infiltrating duct carcinoma, NOS",2009,No,true,Surgical Resection,6th,T1c,8500/3,N0,M0,primary,Yes,0,12,C50.9,"Breast, NOS","Breast, Left Upper Outer",not hispanic or latino,female,white,Alive,false,51,-18771,female,no,Informed Consent,,,,,,,,,,,No,,,No Metastasis,,
TCGA-E2-A15K,Breast,Ductal and Lobular Neoplasms,Last Contact | Follow-up,TF-Tumor Free,275 | 34,IHC | FISH,Positive | Equivocal | Negative | Test Value Reported,Amplification,ESR1 | PGR | ERBB2,10-19%,2+,Signal ratio,chr17,0.9,Initial Diagnosis,Postmenopausal,-29,No,Stage IIB,0,Right,,61 | 232 | 146,,"Chemotherapy | Radiation, External Beam | Surgery, NOS",,Cyclophosphamide | Doxorubicin Hydrochloride | Paclitaxel,yes,Adjuvant | First-Line Therapy,,Regional Site | Breast,Uninvolved,Initial Diagnosis,131 | 273 | 208,6000,4,cGy,"Breast, NOS",275.0,21514,"Infiltrating duct carcinoma, NOS",2010,No,true,Surgical Resection,7th,T2,8500/3,N1a,M0,primary,Yes,2,17,C50.9,"Breast, NOS","Breast, Right Upper Outer",not hispanic or latino,female,white,Alive,false,58,-21514,female,no,Informed Consent,1.0,30.0,,,,,,,,,,,,No Metastasis,,
TCGA-E2-A15L,Breast,Ductal and Lobular Neoplasms,Follow-up | Last Contact,TF-Tumor Free,626 | 331,IHC | FISH,Equivocal | Positive | Negative | Test Value Reported,Amplification,ERBB2 | PGR | ESR1,30-39%,2+,Signal ratio,chr17,0.9,Initial Diagnosis,Postmenopausal,-48,No,Stage IIA,0,Right,mg/day,45,Oral,"Surgery, NOS | Radiation Therapy, NOS | Hormone Therapy",1.0,Anastrozole,yes | no,First-Line Therapy | Adjuvant,Treatment Ongoing,Breast,Uninvolved,Initial Diagnosis,,1,,mg/day,"Breast, NOS",626.0,23845,"Lobular carcinoma, NOS",2010,No,true,Surgical Resection,7th,T2,8520/3,N0,M0,primary,Yes,0,3,C50.9,"Breast, NOS","Breast, NOS",not hispanic or latino,female,black or african american,Alive,false,65,-23845,female,no,Informed Consent,,,,,,,,,,,,,,No Metastasis,,
TCGA-E2-A15M,Breast,Ductal and Lobular Neoplasms,Follow-up | Last Contact,TF-Tumor Free,336 | 235,IHC,Positive | Negative,,PGR | ESR1 | ERBB2,,,,,,Initial Diagnosis,Postmenopausal,-20,No,Stage IIA,0,Right,mg/day,202 | 140,Oral,"Hormone Therapy | Surgery, NOS | Radiation, External Beam",1.0,Anastrozole,yes,Adjuvant | First-Line Therapy,,Breast | Primary Tumor Field,Uninvolved,Initial Diagnosis,211,1 | 6600,,mg/day | cGy,"Breast, NOS",336.0,24266,"Lobular carcinoma, NOS",2010,No,true,Surgical Resection,7th,T2,8520/3,N0,M0,primary,Yes,0,5,C50.9,"Breast, NOS","Breast, Right Lower Outer",not hispanic or latino,female,white,Dead,false,66,-24266,female,no,Informed Consent,1.0,,,,,,,,,,,,,No Metastasis,,336.0
TCGA-E2-A1B1,Breast,Ductal and Lobular Neoplasms,Follow-up | Last Contact,TF-Tumor Free,1361 | 2653 | 1613,IHC | FISH,Equivocal | Positive | Test Value Reported,Amplification,ERBB2 | ESR1 | PGR,70-79%,2+,Signal ratio,chr17,15.12,Initial Diagnosis,Postmenopausal,-140,No,Stage IIB,0,Left,mg | mg/day,71 | 155 | 302 | 239,Intravenous | Intramuscular | Oral,"Chemotherapy | Hormone Therapy | Radiation, External Beam | Surgery, NOS | Bisphosphonate Therapy",146.0 | 672.0 | 3.75 | 20.0 | 1464.0 | 195.0 | 4.0,Doxorubicin Hydrochloride | Trastuzumab | Triptorelin | Tamoxifen | Cyclophosphamide | Paclitaxel | Zoledronic Acid,yes,Adjuvant | First-Line Therapy,Treatment Ongoing,Primary Tumor Field | Breast,Uninvolved,Initial Diagnosis,134 | 491 | 314 | 232 | 969,584 | 16128 | 6000 | 5856 | 2145 | 60,4 | 24 | 11 | 15,mg | cGy,"Breast, NOS",2653.0,16603,"Infiltrating duct carcinoma, NOS",2007,No,true,Surgical Resection,6th,T2,8500/3,N1,M0,primary,Yes,1,6,C50.9,"Breast, NOS","Breast, Left Upper Outer",not hispanic or latino,female,white,Alive,false,45,-16603,female,no,Informed Consent,1.0,31.0,,,,,,,,,No,,,No Metastasis,,
TCGA-E2-A1B5,Breast,Ductal and Lobular Neoplasms,Follow-up | Last Contact,TF-Tumor Free,984 | 774,IHC,Positive | Negative,,PGR | ESR1 | ERBB2,<10%,,,,,Initial Diagnosis,Premenopausal,-6,No,Stage IIA,0,Left,mg/day,130 | 190,Intravenous | Oral,"Chemotherapy | Radiation, External Beam | Surgery, NOS | Hormone Therapy",20.0,Cyclophosphamide | Paclitaxel | Tamoxifen,yes,Adjuvant | First-Line Therapy,Treatment Ongoing,Primary Tumor Field | Breast,Uninvolved,Initial Diagnosis,190 | 174,6000,,cGy,"Breast, NOS",984.0,17039,"Lobular carcinoma, NOS",2008,No,true,Surgical Resection,6th,T2,8520/3,N0,M0,primary,Yes,0,5,C50.9,"Breast, NOS","Breast, NOS",not hispanic or latino,female,white,Alive,false,46,-17039,female,no,Informed Consent,1.0,,,,,,,,,,,,,No Metastasis,,
TCGA-E2-A1B6,Breast,Ductal and Lobular Neoplasms,Last Contact | Follow-up,TF-Tumor Free,867 | 338,FISH | IHC,Negative | Equivocal | Test Value Reported,Amplification,ERBB2 | PGR | ESR1,10-19%,2+,Signal ratio,chr17,1.03,Initial Diagnosis,Premenopausal,-20,No,Stage IIA,0,Left,,,Intravenous,"Surgery, NOS | Chemotherapy | Radiation Therapy, NOS",,Cyclophosphamide | Paclitaxel | Doxorubicin Hydrochloride,yes | no,First-Line Therapy | Adjuvant,,Breast,Uninvolved,Initial Diagnosis,163,,4,,"Breast, NOS",867.0,16370,"Infiltrating duct carcinoma, NOS",2008,No,true,Surgical Resection,6th,T2,8500/3,N0,M0,primary,Yes,0,5,C50.9,"Breast, NOS","Breast, NOS",not hispanic or latino,female,white,Alive,false,44,-16370,female,no,Informed Consent,,,,,,,,,,,,,,No Metastasis,,
TCGA-E2-A1IE,Breast,Ductal and Lobular Neoplasms,Follow-up | Post Initial Treatment | Last Contact,TF-Tumor Free | WT-With Tumor,983 | 1165 | 1810 | 2362,FISH | IHC,Test Value Reported | Positive | Negative | Equivocal,Amplification,ERBB2 | PGR | ESR1,20-29%,2+ | 3+,Signal ratio,chr17,1.05 | 1.0,Initial Diagnosis,Postmenopausal,-1,No,Stage IIB,0 | 1810,Right,mg/day | mg,500 | 62 | 252 | 2187 | 1928 | 200 | 1844 | 118,Oral | Intravenous | Intramuscular | Intravenous,"Hormone Therapy | Surgery, NOS | Chemotherapy | Radiation, External Beam | Surgery, NOS | Pharmaceutical Therapy, NOS | Radiation Therapy, NOS",20.0 | 1182.0 | 1.0 | 118.0 | 341.0,Tamoxifen | Cyclophosphamide | Anastrozole | Exemestane | Fulvestrant | Everolimus | Doxorubicin | Letrozole | Paclitaxel,yes | no | yes,Adjuvant | First-Line Therapy,Treatment Ongoing | Progressive Disease,Breast | Regional Site,Uninvolved,Initial Diagnosis | Progressive Disease,104 | 437 | 2187 | 251 | 1928 | 171,20 | 4728 | 185 | 6080 | 472 | 1364,4,mg/day | mg | cGy,"Breast, NOS | Liver",2362.0,22510 | 24320,"Infiltrating duct carcinoma, NOS",2008,No | Yes,true | false,Surgical Resection,6th,T2,8500/3,N1,M0,primary | metastasis,Yes,1,3,C50.9,"Breast, NOS | Not Reported","Breast, NOS",not hispanic or latino,female,white,Alive,false,61,-22510,female,no,Informed Consent,1.0,33.0,TCGA-E2-A1IE_diagnosis,1810,Liver,Distant,Yes,,200,3 Point Scale,No,No,,No Metastasis,,
TCGA-E2-A1IG,Breast,Ductal and Lobular Neoplasms,Follow-up | Last Contact,TF-Tumor Free,997 | 755 | 2140,IHC,Negative | Positive,,ERBB2 | ESR1 | PGR,,,,,,Initial Diagnosis,Premenopausal,-15,No,Stage IIB,0,Right,mg | mg/day,52 | 108 | 234 | 1991 | 178,Intravenous | Oral,"Chemotherapy | Surgery, NOS | Hormone Therapy | Radiation, External Beam",99.0 | 290.0 | 20.0 | 990.0,Doxorubicin | Paclitaxel | Tamoxifen | Cyclophosphamide | Letrozole,yes,Adjuvant | First-Line Therapy,Treatment Ongoing,Breast | Regional Site,Uninvolved,Initial Diagnosis,94 | 150 | 222,396 | 1160 | 20 | 3960 | 6040,4,mg | mg/day | cGy,"Breast, NOS",2140.0,16757,"Infiltrating duct carcinoma, NOS",2009,No,true,Surgical Resection,6th,T2,8500/3,N1mi,M0,primary,Yes,1,3,C50.9,"Breast, NOS","Breast, Right Upper Inner",not hispanic or latino,female,white,Alive,false,45,-16757,female,no,Informed Consent,1.0,33.0,,,,,,,,3 Point Scale,No,No,,No Metastasis,,
TCGA-E2-A1II,Breast,Ductal and Lobular Neoplasms,Last Contact | Follow-up,TF-Tumor Free,1025 | 850,IHC,Positive | Negative,,PGR | ERBB2 | ESR1,<10%,1+,,,,Initial Diagnosis,Postmenopausal,-8,No,Stage I,0,Left,mg,129 | 181 | 73,Intravenous,"Chemotherapy | Radiation, External Beam | Surgery, NOS",328.0 | 116.0 | 1164.0,Paclitaxel | Doxorubicin | Cyclophosphamide,yes,Adjuvant | First-Line Therapy,,Primary Tumor Field | Breast,Uninvolved,Initial Diagnosis,171 | 236 | 115,1312 | 6040 | 460 | 4656,4,mg | cGy,"Breast, NOS",1025.0,18788,"Infiltrating duct carcinoma, NOS",2008,No,true,Surgical Resection,6th,T1c,8500/3,N0,M0,primary,Yes,0,5,C50.9,"Breast, NOS","Breast, NOS",not hispanic or latino,female,white,Alive,false,51,-18788,female,no,Informed Consent,1.0,33.0,,,,,,,,,,,,No Metastasis,,
TCGA-E2-A1IJ,Breast,Ductal and Lobular Neoplasms,Follow-up | Last Contact,TF-Tumor Free,865 | 725,IHC | FISH,Positive | Test Value Reported | Equivocal | Negative,Amplification,PGR | ERBB2 | ESR1,90-99%,2+,Signal ratio,chr17,1.2,Initial Diagnosis,Postmenopausal,-8,No,Stage I,0,Right,mg/day,53 | 48,Oral,"Surgery, NOS | Radiation, External Beam | Hormone Therapy",1.0,Anastrozole,yes,First-Line Therapy | Adjuvant,Treatment Ongoing,Breast | Primary Tumor Field,Uninvolved,Initial Diagnosis,102,6440 | 1,,cGy | mg/day,"Breast, NOS",865.0,20956,"Lobular carcinoma, NOS",2009,No,true,Surgical Resection,6th,T1c,8520/3,N0,M0,primary,Yes,0,3,C50.9,"Breast, NOS","Breast, Right Upper Outer",not hispanic or latino,female,white,Alive,false,57,-20956,female,no,Informed Consent,1.0,33.0,,,,,,,,3 Point Scale,,,,No Metastasis,,
TCGA-E2-A1IK,Breast,Ductal and Lobular Neoplasms,Follow-up | Last Contact,TF-Tumor Free,519 | 1800 | 689,IHC,Positive | Negative,,PGR | ESR1 | ERBB2,,,,,,Initial Diagnosis,Postmenopausal,-20,No,Stage IIA,0,Left,mg/day,92,Oral,"Surgery, NOS | Hormone Therapy | Radiation Therapy, NOS",1.0,Anastrozole,yes | no,First-Line Therapy | Adjuvant,Treatment Ongoing,Breast,Uninvolved,Initial Diagnosis,,1,,mg/day,"Breast, NOS",1800.0,26052,"Infiltrating duct carcinoma, NOS",2009,No,true,Surgical Resection,6th,T1c,8500/3,N1mi,M0,primary,Yes,1,6,C50.9,"Breast, NOS","Breast, NOS",not hispanic or latino,female,white,Alive,false,71,-26052,female,no,Informed Consent,,,,,,,,,,,No,,,No Metastasis,,
TCGA-E2-A1IN,Breast,Ductal and Lobular Neoplasms,Last Contact | Follow-up,TF-Tumor Free,675 | 392,IHC,Positive | Negative,,ESR1 | ERBB2 | PGR,,1+,,,,Initial Diagnosis,Postmenopausal,-28,No,Stage I,0,Right,mg/day,103 | 57,Oral,"Surgery, NOS | Hormone Therapy | Radiation, External Beam",1.0,Anastrozole,yes,First-Line Therapy | Adjuvant,Treatment Ongoing,Breast | Primary Tumor Field,Uninvolved,Initial Diagnosis,101,1 | 6040,,mg/day | cGy,"Breast, NOS",675.0,22199,"Infiltrating duct carcinoma, NOS",2010,No,true,Surgical Resection,7th,T1c,8500/3,N0,M0,primary,Yes,0,2,C50.9,"Breast, NOS","Breast, NOS",not hispanic or latino,female,white,Alive,false,60,-22199,female,no,Informed Consent,1.0,33.0,,,,,,,,,,,,No Metastasis,,
TCGA-E2-A1L7,Breast,Ductal and Lobular Neoplasms,Follow-up | Last Contact,TF-Tumor Free,633 | 834 | 1836,IHC,Negative,,ERBB2 | ESR1 | PGR,,,,,,Initial Diagnosis,Premenopausal,-20,No,Stage IIIA,0 | 1619,Right,mg | mg/day,97 | 170 | 41 | 191 | 1694 | 240 | 1662,Intravenous | Oral,"Chemotherapy | Surgery, NOS | Pharmaceutical Therapy, NOS | Radiation, External Beam | Hormone Therapy | Surgery, NOS | Pharmaceutical Therapy, NOS | Radiation Therapy, NOS",359.0 | 1600.0 | 120.0 | 1200.0 | 1.0,Paclitaxel | Clodronate Disodium | Doxorubicin | Cyclophosphamide | Anastrozole,yes | yes | no,Adjuvant | First-Line Therapy,Treatment Ongoing | Complete Response,Breast | Regional Site | Primary Tumor Field,Uninvolved,Initial Diagnosis,153 | 83 | 237 | 1735,1436 | 1600 | 480 | 4800 | 6040 | 60 | 1,4,mg | mg/day | cGy | Gy,"Breast, NOS",1836.0,14854 | 16473,"Infiltrating duct carcinoma, NOS | Not Reported",2009,No | Yes,true | false,Surgical Resection,6th,T2,8500/3 | Not Reported,N2,M0,primary | Subsequent Primary,Yes,7,20,C50.9,"Breast, NOS | Not Reported","Breast, Right Upper Outer",not hispanic or latino,female,white,Alive,false,40,-14854,female,no,Informed Consent,1.0,33.0 | 30.0,,,,,,,,,No,,United States,No Metastasis,,
TCGA-E2-A1L9,Breast,Ductal and Lobular Neoplasms,Follow-up | Last Contact,TF-Tumor Free,388 | 598,IHC,Negative | Positive,,ERBB2 | ESR1 | PGR,80-89%,,,,,Initial Diagnosis,Premenopausal,-4,No,Stage IIA,0,Right,mg/day,140 | 187 | 55 | 56,Oral,"Radiation, External Beam | Hormone Therapy | Chemotherapy | Surgery, NOS",20.0,Tamoxifen | Cyclophosphamide | Docetaxel,yes,Adjuvant | First-Line Therapy,Treatment Ongoing,Primary Tumor Field | Breast,Uninvolved,Initial Diagnosis,177 | 122,6040 | 20,4,cGy | mg/day,"Breast, NOS",598.0,14868,"Infiltrating duct carcinoma, NOS",2009,No,true,Surgical Resection,6th,T1c,8500/3,N1mi,M0,primary,Yes,1,2,C50.9,"Breast, NOS","Breast, NOS",not hispanic or latino,female,white,Alive,false,40,-14868,female,no,Informed Consent,1.0,33.0,,,,,,,,3 Point Scale,,,United States,No Metastasis,,
TCGA-E2-A1LG,Breast,Ductal and Lobular Neoplasms,Last Contact | Follow-up,TF-Tumor Free,1523 | 350 | 574,IHC | FISH,Negative | Test Value Reported | Equivocal,Amplification,ESR1 | ERBB2 | PGR,60-69%,2+,Signal ratio,chr17,1.1,Initial Diagnosis,Perimenopausal,-442,Yes,Stage IIA,0,Left | Right,mg,70 | 126,Intravenous,"Pharmaceutical Therapy, NOS | Chemotherapy | Surgery, NOS | Radiation Therapy, NOS | Pharmaceutical Therapy, NOS | Radiation Therapy, NOS",880.0 | 121.0 | 1212.0 | 162.0,Clinical Trial | Doxorubicin | Cyclophosphamide | Paclitaxel,yes | no | no,Adjuvant | First-Line Therapy,,Breast,Uninvolved,Initial Diagnosis,179 | 112 | 203,8860 | 484 | 4848 | 1554,4 | 10,mg,"Breast, NOS",1523.0,18492,"Lobular carcinoma, NOS | Adenoid cystic carcinoma",2010,No,true | false,Surgical Resection,7th,T2,8520/3 | 8200/3,N0,M0,primary | Synchronous primary,Yes,0,19,C50.9,"Breast, NOS | Not Reported","Breast, Left Upper Outer",not hispanic or latino,female,black or african american,Alive,false,50,-18492,female,no,Informed Consent,,,,,,,,,,,No,,United States,No Metastasis,,
TCGA-EW-A1IY,Breast,Ductal and Lobular Neoplasms,Last Contact | Follow-up,TF-Tumor Free,258,IHC,Negative | Positive,,ERBB2 | ESR1 | PGR,<10% | 90-99%,3+,,,,Initial Diagnosis,Premenopausal,19,No,Stage I,0,Right,,57,Intravenous,"Chemotherapy | Surgery, NOS | Radiation Therapy, NOS",,Docetaxel | Cyclophosphamide,yes | no,Adjuvant | First-Line Therapy,,Breast,Uninvolved,Initial Diagnosis,119,,4,,"Breast, NOS",258.0,14122,"Infiltrating duct carcinoma, NOS",2009,No,true,Core Biopsy,6th,T1c,8500/3,N0,MX,primary,Yes,0,6,C50.9,"Breast, NOS","Breast, Right Upper Inner",not hispanic or latino,female,asian,Alive,false,38,-14122,female,no,Informed Consent,,,,,,,,,,3 Point Scale,,,United States,No Metastasis,,
TCGA-EW-A1IZ,Breast,Ductal and Lobular Neoplasms,Follow-up | Last Contact,TF-Tumor Free,554 | 260,IHC,Positive | Negative,,PGR | ERBB2 | ESR1,90-99% | <10%,3+,,,,Initial Diagnosis,Postmenopausal,26,No,Stage IIIA,0,Left,mg | mg/day,70 | 197 | 199,Intravenous | Oral,"Chemotherapy | Surgery, NOS | Radiation, External Beam | Hormone Therapy",694.0 | 69.0 | 139.0 | 2.5,Cyclophosphamide | Doxorubicin Hydrochloride | Docetaxel | Letrozole,yes,Adjuvant | First-Line Therapy,Treatment Ongoing,Breast | Locoregional Site,Uninvolved,Initial Diagnosis,176 | 261,4164 | 414 | 6100 | 834,6,mg | cGy,"Breast, NOS",554.0,19706,"Infiltrating duct carcinoma, NOS",2010,No,true,Biopsy,7th,T2,8500/3,N2a,MX,primary,Yes,5,14,C50.9,"Breast, NOS","Breast, Left Lower Outer",not hispanic or latino,female,white,Alive,false,53,-19706,female,no,Informed Consent,1.0,8.0,,,,,,,,3 Point Scale,,,United States,No Metastasis,,
TCGA-EW-A1J2,Breast,Ductal and Lobular Neoplasms,Follow-up | Last Contact,TF-Tumor Free,140 | 403,IHC,Positive | Negative,,ESR1 | PGR | ERBB2,90-99% | <10%,3+,,,,Initial Diagnosis,Premenopausal,28,No,,0,Right,mg | mg/day,76 | 150,Intravenous | Oral,"Surgery, NOS | Radiation Therapy, NOS | Chemotherapy | Hormone Therapy",135.0 | 1.0 | 1080.0,Docetaxel | Anastrozole | Cyclophosphamide,yes | no,First-Line Therapy | Adjuvant,Treatment Ongoing,Breast,Uninvolved,Initial Diagnosis,140,,4,,"Breast, NOS",403.0,18558,"Lobular carcinoma, NOS",2010,No,true,Core Biopsy,7th,T1c,8520/3,N1mi,MX,primary,Yes,1,21,C50.9,"Breast, NOS","Breast, Right Lower Inner",not hispanic or latino,female,black or african american,Alive,false,50,-18558,female,no,Informed Consent,,,,,,,,,,3 Point Scale,,,United States,No Metastasis,,
TCGA-EW-A1J6,Breast,Ductal and Lobular Neoplasms,Follow-up | Last Contact,TF-Tumor Free,875 | 595,IHC,Positive | Negative,,ESR1 | PGR | ERBB2,90-99% | <10%,3+,,,,Initial Diagnosis,Postmenopausal,90,No,Stage I,0,Right,mg/day,111,Oral,"Surgery, NOS | Hormone Therapy | Radiation Therapy, NOS",2.5,Letrozole,yes | no,First-Line Therapy | Adjuvant,Treatment Ongoing,Breast,Uninvolved,Initial Diagnosis,,,,,"Breast, NOS",875.0,25830,"Infiltrating duct carcinoma, NOS",2009,No,true,Core Biopsy,6th,T1c,8500/3,N0 (i-),M0,primary,Yes,0,3,C50.9,"Breast, NOS","Breast, Right Upper Inner",hispanic or latino,female,white,Alive,false,70,-25830,female,no,Informed Consent,,,,,,,,,,3 Point Scale,,,United States,No Metastasis,,
TCGA-EW-A1OY,Breast,Ductal and Lobular Neoplasms,Last Contact | Follow-up,TF-Tumor Free,908 | 593,IHC | FISH,Negative | Positive,Amplification,ERBB2 | ESR1 | PGR,<10% | 90-99%,3+,,,,Initial Diagnosis,Postmenopausal,26,No,Stage IIA,0,Left,,109 | 180 | 478 | 341,,"Chemotherapy | Hormone Therapy | Radiation, External Beam | Surgery, NOS",,Cyclophosphamide | Doxorubicin | Paclitaxel | Letrozole,yes,Adjuvant | First-Line Therapy,Unknown | Stable Disease | Treatment Ongoing,Primary Tumor Field | Breast,Uninvolved,Initial Diagnosis,161 | 308 | 376,,,,"Breast, NOS",908.0,23266,"Infiltrating duct carcinoma, NOS",2009,No,true,Core Biopsy,6th,T2,8500/3,N0,MX,primary,Yes,0,1,C50.9,"Breast, NOS","Breast, NOS",hispanic or latino,female,white,Alive,false,63,-23266,female,no,Informed Consent,1.0,29.0,,,,,,,,3 Point Scale,,No,United States,No Metastasis,,
TCGA-EW-A1OZ,Breast,Ductal and Lobular Neoplasms,Last Contact | Follow-up,TF-Tumor Free,1229 | 941,FISH | IHC,Positive | Negative | Copy Number Reported | Equivocal | Test Value Reported,Amplification,ERBB2 | PGR | Not Applicable | ESR1,<10% | 20-29% | 90-99%,2+ | 3+,Signal ratio,chr17,2.2,Initial Diagnosis,Postmenopausal,73,No,Stage IIA,0,Left,mg | mg/day,144 | 256 | 301,Intravenous | Oral,"Chemotherapy | Radiation Therapy, NOS | Surgery, NOS",142.0 | 152.0 | 25.0 | 552.0 | 516.0,Docetaxel | Paclitaxel | Exemestane | Carboplatin | Trastuzumab,yes | no,Adjuvant | First-Line Therapy,Treatment Ongoing,Breast,Uninvolved,Initial Diagnosis,186 | 291 | 228 | 487,426 | 599 | 1961 | 8772,3 | 5 | 4 | 17,mg,"Breast, NOS",1229.0,20664,"Infiltrating duct carcinoma, NOS",2008,No,true,Core Biopsy,6th,T2,8500/3,N0 (i-),M0,primary,Yes,0,4,C50.9,"Breast, NOS","Breast, Left Upper Outer",not hispanic or latino,female,black or african american,Alive,false,56,-20664,female,no,Informed Consent,,,,,,,,2.0,40,3 Point Scale,,,United States,No Metastasis,,
TCGA-EW-A1P0,Breast,Ductal and Lobular Neoplasms,Post Initial Treatment | Follow-up | Last Contact,TF-Tumor Free | WT-With Tumor,1094 | 1251 | 1121,IHC,Positive | Negative,,ESR1 | PGR | ERBB2,<10% | 90-99%,3+,,,,Initial Diagnosis,Postmenopausal,24,No,Stage IIB,1094 | 0,Left,mg/day,1033,Oral,"Radiation Therapy, NOS | Pharmaceutical Therapy, NOS | Surgery, NOS | Hormone Therapy | Surgery, NOS | Radiation Therapy, NOS",1.0,Anastrozole,no | yes | yes,Adjuvant | First-Line Therapy,Not Reported,Locoregional Site | Breast,Uninvolved,Progressive Disease | Recurrent Disease | Initial Diagnosis,1245,,,,"Intrathoracic lymph nodes | Breast, NOS",1251.0,21201 | 20107,Infiltrating duct mixed with other types of carcinoma,2008,Yes | No,false | true,Core Biopsy,6th,T2,8523/3,N1b,MX,metastasis | primary,Yes,1,21,C50.9,"Not Reported | Breast, NOS","Breast, Left Upper Outer",not hispanic or latino,female,white,Alive,false,55,-20107,female,no,Informed Consent,,,TCGA-EW-A1P0_diagnosis,1094,Intrathoracic lymph nodes,Distant,Yes,,,3 Point Scale,,,United States,"Metastasis, NOS",,
TCGA-EW-A1P3,Breast,Ductal and Lobular Neoplasms,Last Contact | Follow-up,TF-Tumor Free,1611 | 1260 | 987,IHC,Positive | Negative,,ESR1 | PGR | ERBB2,90-99% | <10%,3+,,,,Initial Diagnosis,Premenopausal,30,Yes,Stage IIA | Stage I,0,Right | Left,,105 | 1181 | 261 | 167,,"Surgery, NOS | Radiation Therapy, NOS | Chemotherapy | Hormone Therapy | Radiation Therapy, NOS | Pharmaceutical Therapy, NOS",,Cyclophosphamide | Fluorouracil | Letrozole | Tamoxifen | Paclitaxel | Epirubicin,yes | no | no,First-Line Therapy | Adjuvant,Unknown | Treatment Ongoing | Stable Disease,Breast,Uninvolved,Initial Diagnosis,147 | 1175 | 233,,,,"Breast, NOS",1611.0,17637,"Infiltrating duct carcinoma, NOS",2008,No,true | false,Core Biopsy,6th,T2 | T1a,8500/3,N0,MX,primary | Synchronous primary,Yes,0,4,C50.9,"Breast, NOS | Not Reported","Breast, Right Lower Outer",not hispanic or latino,female,white,Alive,false,48,-17637,female,no,Informed Consent,,,,,,,,,,3 Point Scale,No,No,United States,No Metastasis,,
TCGA-EW-A1P4,Breast,Ductal and Lobular Neoplasms,Follow-up | Last Contact,TF-Tumor Free,501 | 907,IHC,Negative,,ERBB2 | PGR | ESR1,<10%,,,,,Initial Diagnosis,Premenopausal,-3,No,Stage IIA,0,Left,mg/m2,208 | 73,Intravenous,"Radiation, External Beam | Chemotherapy | Surgery, NOS",75.0 | 600.0,Docetaxel | Cyclophosphamide,yes,Adjuvant | First-Line Therapy,,Primary Tumor Field | Breast,Uninvolved,Initial Diagnosis,263 | 144,15900,4,cGy,"Breast, NOS",907.0,15989,"Medullary carcinoma, NOS",2009,No,true,Core Biopsy,6th,T2,8510/3,N0 (i-),M0,primary,Yes,0,3,C50.9,"Breast, NOS","Breast, Left Upper Outer",hispanic or latino,female,white,Alive,false,43,-15989,female,no,Informed Consent,1.0,,,,,,,,,3 Point Scale,,,United States,No Metastasis,,
TCGA-EW-A1PA,Breast,Ductal and Lobular Neoplasms,Follow-up | Last Contact,TF-Tumor Free,267 | 575,IHC,Positive | Negative,,ESR1 | ERBB2 | PGR,90-99% | <10%,3+ | 1+,,,,Initial Diagnosis,Postmenopausal,24,No,Stage IIB,0,Left,mg | mg/day,225 | 143 | 262,Intravenous | Oral,"Radiation, External Beam | Chemotherapy | Hormone Therapy | Surgery, NOS",1040.0 | 160.0 | 20.0 | 52.5,Fluorouracil | Docetaxel | Tamoxifen Citrate | Epirubicin | Cyclophosphamide,yes,Adjuvant | First-Line Therapy,Treatment Ongoing,Primary Tumor Field | Breast,Uninvolved,Initial Diagnosis,262 | 206,11032 | 3120 | 320 | 158,3 | 2,cGy | mg,"Breast, NOS",575.0,21837,"Infiltrating duct carcinoma, NOS",2010,No,true,Core Biopsy,7th,T2,8500/3,N1a,M0,primary,Yes,1,13,C50.9,"Breast, NOS","Breast, Left Upper Outer",hispanic or latino,female,white,Alive,false,59,-21837,female,no,Informed Consent,1.0,56.0,,,,,,,,3 Point Scale,,,United States,No Metastasis,,
TCGA-EW-A2FS,Breast,Ductal and Lobular Neoplasms,Follow-up | Last Contact,TF-Tumor Free,1173 | 1604 | 1422,IHC,Positive | Negative,,ESR1 | PGR | ERBB2,90-99% | <10%,3+ | 1+,,,,Initial Diagnosis,Premenopausal,18,No,Stage IIB,0,Left,,164 | 394 | 140 | 343 | 248,,"Chemotherapy | Radiation, External Beam | Hormone Therapy | Surgery, NOS",,Bevacizumab | Doxorubicin | Goserelin | Tamoxifen | Paclitaxel | Cyclophosphamide,yes,Adjuvant | First-Line Therapy,Unknown | Stable Disease | Treatment Ongoing,Primary Tumor Field | Breast,Uninvolved,Initial Diagnosis,318 | 439 | 227 | 1166 | 332,6400,,cGy,"Breast, NOS",1604.0,15302,"Infiltrating duct carcinoma, NOS",2008,No,true,Core Biopsy,6th,T2,8500/3,N1mi,MX,primary,Yes,1,8,C50.9,"Breast, NOS","Breast, Left Upper Outer",not hispanic or latino,female,black or african american,Alive,false,41,-15302,female,no,Informed Consent,1.0,,,,,,,,,3 Point Scale,No,Yes | No,United States,No Metastasis,,
TCGA-OL-A5D6,Breast,Ductal and Lobular Neoplasms,Follow-up | Last Contact,TF-Tumor Free,1104 | 385,IHC | FISH,Negative | Test Value Reported,Amplification,ESR1 | ERBB2 | PGR,,,Signal ratio,chr17,1.13,Initial Diagnosis,Postmenopausal,0,No,Stage IIA,0,Left,,,,"Pharmaceutical Therapy, NOS | Radiation Therapy, NOS | Surgery, NOS",,,yes | no,Adjuvant | First-Line Therapy,Not Reported,Breast,Uninvolved,Initial Diagnosis,,,,,"Breast, NOS",1104.0,26052,"Infiltrating duct carcinoma, NOS",2009,No,true,Fine Needle Aspiration,6th,T2,8500/3,N0,MX,primary,Yes,0,2,C50.9,"Breast, NOS","Breast, Left Lower Outer",not hispanic or latino,female,black or african american,Dead,false,71,-26052,female,no,Informed Consent,,,,,,,,,,,No,,United States,,,1104.0
TCGA-OL-A5D7,Breast,Ductal and Lobular Neoplasms,Follow-up | Last Contact,TF-Tumor Free,1416 | 1780,IHC | FISH,Negative | Test Value Reported,Amplification,ESR1 | ERBB2 | PGR,,,Signal ratio,chr17,1.36,Initial Diagnosis,Postmenopausal,140,No,Stage IIA,0,Left,,134 | 41,,"Radiation, External Beam | Chemotherapy | Surgery, NOS",,Docetaxel | Cyclophosphamide,yes,First-Line Therapy,Complete Response,Primary Tumor Field | Breast,Uninvolved,Initial Diagnosis,550 | 104,5040,,cGy,"Breast, NOS",1780.0,25643,"Infiltrating duct carcinoma, NOS",2009,No,true,Core Biopsy,6th,T2,8500/3,N0,MX,primary,Yes,0,1,C50.9,"Breast, NOS","Breast, Left Upper Outer",not hispanic or latino,female,black or african american,Alive,false,70,-25643,female,no,Informed Consent,,,,,,,,,,,No,No,United States,,,
TCGA-OL-A5D8,Breast,Ductal and Lobular Neoplasms,Last Contact | Follow-up,TF-Tumor Free,973 | 229,IHC | FISH,Positive | Copy Number Reported | Negative | Test Value Reported,Amplification,PGR | ERBB2 | Not Applicable | ESR1,90-99%,,Signal ratio,chr17,0.8,Initial Diagnosis,Premenopausal,5,No,Stage IIB,0,Left,,,,"Pharmaceutical Therapy, NOS | Surgery, NOS | Radiation Therapy, NOS",,,yes,Adjuvant | First-Line Therapy,Not Reported,Breast,Unknown,Initial Diagnosis,,,,,"Breast, NOS",973.0,14853,"Infiltrating duct carcinoma, NOS",2009,No,true,Core Biopsy,6th,T3,8500/3,N0,MX,primary,Yes,,2,C50.9,"Breast, NOS","Breast, Left Lower Outer",not hispanic or latino,female,black or african american,Alive,false,40,-14853,female,no,Informed Consent,,,,,,,,2.0 | 2.25,20,,No,,United States,,,
TCGA-OL-A5DA,Breast,Ductal and Lobular Neoplasms,Follow-up | Last Contact,TF-Tumor Free,1357 | 1783,IHC | FISH,Positive | Negative,Amplification,PGR | ESR1 | ERBB2,60-69%,,,,,Initial Diagnosis,Postmenopausal,33,No,Stage IIA,0,Right,,,,"Radiation Therapy, NOS | Pharmaceutical Therapy, NOS | Surgery, NOS",,,no | yes,Adjuvant | First-Line Therapy,,Breast,Uninvolved,Initial Diagnosis,,,,,"Breast, NOS",1783.0,22411,"Lobular carcinoma, NOS",2009,No,true,Ultrasound Guided Biopsy,6th,T2,8520/3,N0,MX,primary,Yes,0,1,C50.9,"Breast, NOS","Breast, Right Upper Outer",not hispanic or latino,female,white,Alive,false,61,-22411,female,no,Informed Consent,,,,,,,,,,,No,,United States,,,
TCGA-OL-A5RU,Breast,Ductal and Lobular Neoplasms,Follow-up | Last Contact,TF-Tumor Free,841 | 1219,IHC | FISH,Positive | Test Value Reported | Negative,Amplification,ESR1 | ERBB2 | PGR,90-99% | 80-89%,,Signal ratio,chr17,1.02,Initial Diagnosis,Postmenopausal,6,Yes,Stage IIA | Stage IA,0 | 16,Left | Right,,71 | 160 | 30,,"Chemotherapy | Radiation, External Beam | Surgery, NOS | Radiation Therapy, NOS | Pharmaceutical Therapy, NOS | Surgery, NOS",,Cyclophosphamide | Docetaxel,yes | no | yes,First-Line Therapy,Complete Response,Regional Site | Breast | Breast,Uninvolved,Initial Diagnosis,134 | 197,5040,,cGy,"Breast, NOS",1219.0,23108 | 23124,"Infiltrating duct carcinoma, NOS",2010,No,true | false,Core Biopsy,7th,T1c,8500/3,N1 | N0,MX,primary | Synchronous primary,Yes,1,15,C50.9,"Breast, NOS | Not Reported","Breast, Left Upper Outer",Unknown,female,black or african american,Alive,false,63,-23108,female,no,Informed Consent,,,,,,,,,,,No,No,United States,,,
TCGA-OL-A5RV,Breast,Ductal and Lobular Neoplasms,Follow-up | Last Contact,TF-Tumor Free,733 | 1062,FISH | IHC,Negative | Test Value Reported | Positive,Amplification,ERBB2 | ESR1 | PGR,90-99%,,Signal ratio,chr17,1.0,Initial Diagnosis,Premenopausal,7,No,Stage IIIC,0,Right,,63 | 202,,"Surgery, NOS | Chemotherapy | Radiation, External Beam",,Doxorubicin | Paclitaxel | Cyclophosphamide,yes,First-Line Therapy,Complete Response,Breast | Regional Site,Uninvolved,Initial Diagnosis,161 | 249,5040,,cGy,"Breast, NOS",1062.0,15820,"Infiltrating duct carcinoma, NOS",2011,No,true,Core Biopsy,7th,T2,8500/3,N3,MX,primary,Yes,20,29,C50.9,"Breast, NOS","Breast, Right Upper Outer",Unknown,female,black or african american,Alive,false,43,-15820,female,no,Informed Consent,,,,,,,,,,,No,No,United States,,,
TCGA-OL-A5RW,Breast,Ductal and Lobular Neoplasms,Last Contact | Follow-up,TF-Tumor Free,1106 | 797,FISH | IHC,Negative | Test Value Reported,Amplification,ERBB2 | PGR | ESR1,,,Signal ratio,chr17,1.91,Initial Diagnosis,Premenopausal,14,No,Stage IIA,0,Right,,69 | 184,,"Chemotherapy | Surgery, NOS | Radiation, External Beam",,Cyclophosphamide | Paclitaxel | Doxorubicin Hydrochloride,yes,First-Line Therapy,Complete Response,Breast | Primary Tumor Field,Uninvolved,Initial Diagnosis,234,5040,,cGy,"Breast, NOS",1106.0,14638,"Infiltrating duct carcinoma, NOS",2010,No,true,Excisional Biopsy,7th,T1c,8500/3,N1,MX,primary,Yes,1,4,C50.9,"Breast, NOS","Breast, Right Upper Outer",Unknown,female,black or african american,Alive,false,40,-14638,female,no,Informed Consent,,,,,,,,,,,No,No,United States,,,
TCGA-OL-A5RX,Breast,Ductal and Lobular Neoplasms,Last Contact | Follow-up,TF-Tumor Free,878 | 513,IHC | FISH,Positive | Test Value Reported | Negative,Amplification,PGR | ERBB2 | ESR1,90-99%,,Signal ratio,chr17,1.0,Initial Diagnosis,Premenopausal,0,No,Stage IA,0,Right,,,,"Radiation Therapy, NOS | Pharmaceutical Therapy, NOS | Surgery, NOS",,,no | yes,Adjuvant | First-Line Therapy,,Breast,Uninvolved,Initial Diagnosis,,,,,"Breast, NOS",878.0,18942,"Infiltrating duct carcinoma, NOS",2011,No,true,Core Biopsy,7th,T1c,8500/3,N0,MX,primary,Yes,,4,C50.9,"Breast, NOS","Breast, Right Upper Outer",Unknown,female,black or african american,Alive,false,51,-18942,female,no,Informed Consent,,,,,,,,,,,No,,United States,,,
TCGA-OL-A5RZ,Breast,Ductal and Lobular Neoplasms,Follow-up | Last Contact,TF-Tumor Free,679 | 313,FISH | IHC,Positive | Copy Number Reported | Negative | Test Value Reported,Amplification,ERBB2 | Not Applicable | ESR1 | PGR,30-39% | <10%,,Signal ratio,chr17,10.3,Initial Diagnosis,Postmenopausal,2,No,Stage IA,0,Left,,239,,"Chemotherapy | Radiation Therapy, NOS | Surgery, NOS",,Doxorubicin | Cyclophosphamide,yes | no,Adjuvant | First-Line Therapy,Complete Response,Breast,Uninvolved,Initial Diagnosis,331,,,,"Breast, NOS",679.0,21038,"Infiltrating duct carcinoma, NOS",2012,No,true,Core Biopsy,7th,T1b,8500/3,N0,MX,primary,Yes,,3,C50.9,"Breast, NOS","Breast, Left Upper Outer",Unknown,female,black or african american,Alive,false,57,-21038,female,no,Informed Consent,,,,,,,,2.0 | 21.0,,,No,No,United States,,,
TCGA-OL-A66I,Breast,Ductal and Lobular Neoplasms,Follow-up | Last Contact,TF-Tumor Free,714,FISH | IHC,Test Value Reported | Negative,Amplification,ERBB2 | ESR1 | PGR,,,Signal ratio,chr17,1.04,,,75,No,Stage IIA,0,Right,,43 | 239,,"Surgery, NOS | Chemotherapy | Radiation, External Beam",,Paclitaxel | Cyclophosphamide | Doxorubicin Hydrochloride,yes,First-Line Therapy,Complete Response,Breast | Primary Tumor Field,Uninvolved,Initial Diagnosis,312 | 285,5041,,cGy,"Breast, NOS",714.0,13458,"Infiltrating duct carcinoma, NOS",2008,No,true,Core Biopsy,6th,T1c,8500/3,N1mi,MX,primary,Yes,0,13,C50.9,"Breast, NOS","Breast, Right Upper Outer",not hispanic or latino,female,black or african american,Alive,false,36,-13458,female,no,Informed Consent,,,,,,,,,,,Yes,No,United States,,,
TCGA-OL-A66J,Breast,Ductal and Lobular Neoplasms,Last Contact | Follow-up,TF-Tumor Free,1996 | 1658,IHC | FISH,Positive | Test Value Reported | Negative,Amplification,PGR | ERBB2 | ESR1,50-59% | 90-99%,,Signal ratio,chr17,1.5,Initial Diagnosis,Postmenopausal,6,No,Stage I,0,Right,,,,"Radiation Therapy, NOS | Surgery, NOS | Pharmaceutical Therapy, NOS",,,yes | no,Adjuvant | First-Line Therapy,Not Reported,Breast,Uninvolved,Initial Diagnosis,,,,,"Breast, NOS",1996.0,29345,"Lobular carcinoma, NOS",2008,No,true,Core Biopsy,6th,T1c,8520/3,N0,MX,primary,Yes,0,4,C50.9,"Breast, NOS","Breast, Right Upper Outer",not hispanic or latino,female,white,Alive,false,80,-29345,female,no,Informed Consent,,,,,,,,,,,No,,United States,,,
TCGA-OL-A66K,Breast,Ductal and Lobular Neoplasms,Last Contact | Follow-up,TF-Tumor Free,1275 | 1021,IHC | FISH,Positive | Equivocal | Negative | Test Value Reported,Amplification,PGR | ERBB2 | ESR1,90-99% | 70-79%,2+,Signal ratio,chr17,1.23,Initial Diagnosis,Postmenopausal,7,No,Stage IIA,0,Right,,,,"Surgery, NOS | Pharmaceutical Therapy, NOS | Radiation Therapy, NOS",,,yes | no,First-Line Therapy | Adjuvant,,Breast,Uninvolved,Initial Diagnosis,,,,,"Breast, NOS",1275.0,26299,"Lobular carcinoma, NOS",2010,No,true,Core Biopsy,7th,T2,8520/3,N0,MX,primary,Yes,,2,C50.9,"Breast, NOS","Breast, Right Upper Outer",not hispanic or latino,female,white,Dead,false,72,-26299,female,no,Informed Consent,,,,,,,,,,,No,,United States,,,1275.0
TCGA-OL-A66L,Breast,Ductal and Lobular Neoplasms,Follow-up | Last Contact,TF-Tumor Free,1301 | 945,FISH | IHC,Negative | Test Value Reported | Positive,Amplification,ERBB2 | ESR1 | PGR,90-99%,,Signal ratio,chr17,1.1,Initial Diagnosis,Postmenopausal,8,No,Stage IA,0,Right,,71,,"Radiation, External Beam | Surgery, NOS | Pharmaceutical Therapy, NOS",,,yes | no,First-Line Therapy | Adjuvant,Complete Response,Primary Tumor Field | Breast,Uninvolved,Initial Diagnosis,120,6080,,cGy,"Breast, NOS",1301.0,26186,"Infiltrating duct carcinoma, NOS",2010,No,true,Core Biopsy,7th,T1c,8500/3,N0,MX,primary,Yes,,2,C50.9,"Breast, NOS","Breast, Right Lower Inner",not hispanic or latino,female,black or african american,Alive,false,71,-26186,female,no,Informed Consent,,,,,,,,,,,No,,United States,,,
TCGA-OL-A66N,Breast,Ductal and Lobular Neoplasms,Follow-up | Last Contact,TF-Tumor Free,413 | 792,IHC | FISH,Negative | Positive | Test Value Reported,Amplification,PGR | ERBB2 | ESR1,80-89%,,Signal ratio,chr17,1.1,Initial Diagnosis,Postmenopausal,8,No,Stage IIIC,0,Left,,374,,"Pharmaceutical Therapy, NOS | Radiation, External Beam | Surgery, NOS",,,no | yes,Adjuvant | First-Line Therapy,Complete Response,Primary Tumor Field | Breast,Uninvolved,Initial Diagnosis,412,5040,,cGy,"Breast, NOS",792.0,21608,"Lobular carcinoma, NOS",2011,No,true,Core Biopsy,7th,T3,8520/3,N3,MX,primary,Yes,13,15,C50.9,"Breast, NOS","Breast, NOS",not hispanic or latino,female,white,Alive,false,59,-21608,female,no,Informed Consent,,,,,,,,,,,No,,United States,,,
TCGA-OL-A66O,Breast,Ductal and Lobular Neoplasms,Last Contact | Follow-up,TF-Tumor Free,528 | 220,IHC | FISH,Positive | Test Value Reported | Negative,Amplification,ESR1 | ERBB2 | PGR,90-99%,,Signal ratio,chr17,1.2,Initial Diagnosis,Premenopausal,1,No,Stage IIB,0,Right,,129 | 77,,"Chemotherapy | Surgery, NOS | Radiation, External Beam",,Docetaxel | Cyclophosphamide,yes,First-Line Therapy,Complete Response,Breast | Primary Tumor Field,Uninvolved,Initial Diagnosis,192 | 121,6040,,cGy,"Breast, NOS",528.0,14272,"Infiltrating duct carcinoma, NOS",2012,No,true,Core Biopsy,7th,T2,8500/3,N1a,MX,primary,Yes,3,17,C50.9,"Breast, NOS","Breast, Right Upper Outer",not hispanic or latino,female,black or african american,Alive,false,39,-14272,female,no,Informed Consent,,,,,,,,,,,No,No,United States,,,
TCGA-OL-A6VO,Breast,Ductal and Lobular Neoplasms,Follow-up | Last Contact,TF-Tumor Free,858 | 480,IHC | FISH,Negative | Test Value Reported,Amplification,ERBB2 | ESR1 | PGR,,,Signal ratio,chr17,1.23,Initial Diagnosis,Unknown,12,No,Stage IA,0,Right,,71 | 156,,"Surgery, NOS | Chemotherapy | Radiation, External Beam",,Cyclophosphamide | Docetaxel,yes,First-Line Therapy,Complete Response,Breast | Primary Tumor Field,Uninvolved,Initial Diagnosis,147 | 201,,,,"Breast, NOS",858.0,15780,"Infiltrating duct carcinoma, NOS",2012,No,true,Core Biopsy,7th,T1c,8500/3,N0,MX,primary,Yes,0,7,C50.9,"Breast, NOS","Breast, NOS | Breast, Right Lower Outer",not hispanic or latino,female,black or african american,Alive,false,43,-15780,female,no,Informed Consent,,,,,,,,,,,No,No,United States,,,
TCGA-OL-A6VR,Breast,Ductal and Lobular Neoplasms,Follow-up | Last Contact,TF-Tumor Free,1220 | 848,FISH | IHC,Negative | Test Value Reported | Positive,Amplification,ERBB2 | PGR | ESR1,90-99% | 30-39%,,Signal ratio,chr17,1.23,Initial Diagnosis,Unknown,16,No,Stage IA,0,Right,,,,"Pharmaceutical Therapy, NOS | Surgery, NOS | Radiation Therapy, NOS",,,no | yes,Adjuvant | First-Line Therapy,,Breast,Uninvolved,Initial Diagnosis,,,,,"Breast, NOS",1220.0,17702,"Infiltrating duct carcinoma, NOS",2011,No,true,Core Biopsy,7th,T1b,8500/3,N0,MX,primary,Yes,0,2,C50.9,"Breast, NOS","Breast, NOS",not hispanic or latino,female,black or african american,Alive,false,48,-17702,female,no,Informed Consent,,,,,,,,,,,No,,United States,,,
